 Destination Port, Flow Duration, Total Fwd Packets, Total Backward Packets, Total Length of Fwd Packets, Total Length of Bwd Packets, Fwd Packet Length Max, Fwd Packet Length Min, Fwd Packet Length Mean, Fwd Packet Length Std, Bwd Packet Length Max, Bwd Packet Length Min, Bwd Packet Length Mean, Bwd Packet Length Std, Flow Bytes/s, Flow Packets/s, Flow IAT Mean, Flow IAT Std, Flow IAT Max, Flow IAT Min, Fwd IAT Total, Fwd IAT Mean, Fwd IAT Std, Fwd IAT Max, Fwd IAT Min, Bwd IAT Total, Bwd IAT Mean, Bwd IAT Std, Bwd IAT Max, Bwd IAT Min, Fwd PSH Flags, Fwd URG Flags, Fwd Header Length, Bwd Header Length, Fwd Packets/s, Bwd Packets/s, Min Packet Length, Max Packet Length, Packet Length Mean, Packet Length Std, Packet Length Variance, FIN Flag Count, SYN Flag Count, RST Flag Count, PSH Flag Count, ACK Flag Count, URG Flag Count, CWE Flag Count, ECE Flag Count, Down/Up Ratio, Average Packet Size, Avg Fwd Segment Size, Avg Bwd Segment Size, Fwd Header Length.1, Subflow Fwd Packets, Subflow Fwd Bytes, Subflow Bwd Packets, Subflow Bwd Bytes, Init_Win_bytes_forward, Init_Win_bytes_backward, act_data_pkt_fwd, min_seg_size_forward, Active Mean, Active Std, Active Max, Active Min, Idle Mean, Idle Std, Idle Max, Idle Min, Label
123,20246634,26,41,3588,7708,232,23,138.0,233.115,1079,13,188.0,14.998,557.92,3.309,302188.567,0,14550735,3425,20246634,0,0,0,0,0,0,0,0,0,0,0,520,820,1.284,2.025,4,552,118.013,212.26,206713.031,0,0,0,0,0,0,0,0,1.58,582.338,541.377,93.201,520,26,3588,41,7708,65535,-1,25,20,0,0,0,0,0,0,0,0,BENIGN
3389,115221687,69,148,61962,49580,671,35,898.0,326.451,410,6,335.0,232.64,968.064,42.462,530975.516,0,85753515,1539,115221687,0,0,0,0,0,0,0,0,0,0,0,1380,2960,0.599,1.284,23,259,511.06,31.394,14900.292,0,1,0,1,1,0,0,0,2.14,440.418,834.16,350.961,1380,69,61962,148,49580,8192,229,68,20,0,0,0,0,0,0,0,0,DoS Hulk
123,70490682,32,21,30688,13209,189,7,959.0,204.773,377,21,629.0,60.794,622.735,0.752,1330012.868,0,65627517,3454,70490682,0,0,0,0,0,0,0,0,0,0,0,640,420,0.454,0.298,2,1428,106.754,279.038,197273.543,0,0,0,1,1,0,0,0,0.66,637.954,551.158,538.71,640,32,30688,21,13209,65535,-1,31,20,0,0,0,0,0,0,0,0,BENIGN
993,63632402,45,42,7785,6888,674,36,173.0,397.238,952,18,164.0,286.651,230.59,1.367,731406.92,0,59528267,2842,63632402,0,0,0,0,0,0,0,0,0,0,0,900,840,0.707,0.66,1,1005,345.699,305.46,123423.249,0,0,0,1,0,0,0,0,0.93,151.233,252.949,376.217,900,45,7785,42,6888,65535,-1,44,20,0,0,0,0,0,0,0,0,BENIGN
53,73744577,18,8,16578,9328,890,22,921.0,273.089,819,14,1166.0,60.368,351.294,0.353,2836329.885,0,23651544,1239,73744577,0,0,0,0,0,0,0,0,0,0,0,360,160,0.244,0.108,14,1408,240.669,242.481,147280.876,0,0,0,1,1,0,0,0,0.44,43.52,400.294,357.558,360,18,16578,8,9328,29200,229,17,20,0,0,0,0,0,0,0,0,BENIGN
8080,116900890,50,43,59250,36249,857,25,1185.0,41.415,1339,25,843.0,24.899,816.923,0.796,1256998.817,0,9039244,1710,116900890,0,0,0,0,0,0,0,0,0,0,0,1000,860,0.428,0.368,28,392,134.538,300.364,25594.899,0,0,0,0,0,0,0,0,0.86,856.096,567.814,100.471,1000,50,59250,43,36249,8192,65535,49,20,0,0,0,0,0,0,0,0,BENIGN
80,46625836,39,23,39429,6693,1039,29,1011.0,192.158,678,5,291.0,57.647,989.194,1.33,752029.613,0,22993902,2168,46625836,0,0,0,0,0,0,0,0,0,0,0,780,460,0.836,0.493,30,390,484.048,102.608,238005.237,0,0,0,0,1,0,0,0,0.59,633.458,826.165,692.003,780,39,39429,23,6693,29200,-1,38,32,0,0,0,0,0,0,0,0,BENIGN
123,22420003,23,49,11408,55370,1069,21,496.0,254.577,1295,12,1130.0,322.431,2978.501,3.211,311388.931,0,13444737,1857,22420003,0,0,0,0,0,0,0,0,0,0,0,460,980,1.026,2.186,12,1120,463.792,365.502,247400.897,0,0,0,1,1,0,0,0,2.13,262.89,635.569,862.603,460,23,11408,49,55370,65535,235,22,32,0,0,0,0,0,0,0,0,BENIGN
3389,13711301,117,240,51714,175440,1289,0,442.0,191.789,1377,22,731.0,319.857,16566.918,254.281,38407.006,0,1422347,982,13711301,0,0,0,0,0,0,0,0,0,0,0,2340,4800,8.533,17.504,58,855,712.78,375.07,119508.186,0,1,0,0,1,0,0,0,2.05,728.708,875.625,380.421,2340,117,51714,240,175440,65535,-1,116,20,0,0,0,0,0,0,0,0,PortScan
443,3697545,10,37,9930,51171,1292,38,993.0,392.122,1386,22,1383.0,62.365,16524.748,12.711,78671.17,0,2299677,1073,3697545,0,0,0,0,0,0,0,0,0,0,0,200,740,2.704,10.007,1,89,727.447,363.185,25693.013,0,0,0,1,0,0,0,0,3.7,888.433,207.533,791.56,200,10,9930,37,51171,-1,235,9,20,0,0,0,0,0,0,0,0,BENIGN
123,32284651,49,37,34643,21127,898,8,707.0,24.362,764,29,571.0,264.99,1727.446,2.664,375402.919,0,27348441,4233,32284651,0,0,0,0,0,0,0,0,0,0,0,980,740,1.518,1.146,26,1087,152.456,75.918,127636.753,0,0,0,0,1,0,0,0,0.76,563.357,707.394,168.83,980,49,34643,37,21127,8192,65535,48,20,0,0,0,0,0,0,0,0,BENIGN
8080,43752584,44,33,49544,38841,257,35,1126.0,22.729,431,17,1177.0,16.88,2020.109,1.76,568215.377,0,6559575,4159,43752584,0,0,0,0,0,0,0,0,0,0,0,880,660,1.006,0.754,28,1210,63.965,447.006,15842.209,0,0,0,0,1,0,0,0,0.75,635.749,429.017,498.625,880,44,49544,33,38841,65535,229,43,32,0,0,0,0,0,0,0,0,BENIGN
80,119823540,13,28,4160,25004,843,28,320.0,126.392,1414,15,893.0,171.335,243.391,0.342,2922525.366,0,28546742,2480,119823540,0,0,0,0,0,0,0,0,0,0,0,260,560,0.108,0.234,50,310,811.443,77.223,179029.971,0,0,0,0,1,0,0,0,2.15,257.673,158.039,442.253,260,13,4160,28,25004,-1,65535,12,32,0,0,0,0,0,0,0,0,BENIGN
445,89635024,115,82,106145,89790,440,22,923.0,127.41,789,1,1095.0,135.192,2185.92,38.12,455000.122,0,61561749,3608,89635024,0,0,0,0,0,0,0,0,0,0,0,2300,1640,1.283,0.915,45,97,370.536,258.717,73863.528,0,0,0,0,0,0,0,0,0.71,875.659,130.11,268.385,2300,115,106145,82,89790,-1,229,114,32,0,0,0,0,0,0,0,0,Bot
3389,56673997,347,132,302237,45540,1208,31,871.0,280.167,223,17,345.0,23.011,6136.447,189.243,118317.322,0,46184695,1501,56673997,0,0,0,0,0,0,0,0,0,0,0,6940,2640,6.123,2.329,27,208,271.274,8.416,22141.48,0,1,0,0,0,0,0,0,0.38,267.428,144.643,49.93,6940,347,302237,132,45540,65535,235,346,20,0,0,0,0,0,0,0,0,DoS Hulk
443,32002361,8,10,4608,1430,453,19,576.0,251.468,1127,13,143.0,115.984,188.674,0.562,1777908.944,0,16780189,1457,32002361,0,0,0,0,0,0,0,0,0,0,0,160,200,0.25,0.312,17,770,731.164,497.249,9237.338,0,0,0,0,0,0,0,0,1.25,482.242,251.284,424.468,160,8,4608,10,1430,65535,65535,7,32,0,0,0,0,0,0,0,0,BENIGN
443,41309942,45,13,22950,9633,1342,8,510.0,161.879,751,3,741.0,334.795,788.745,1.404,712240.379,0,956646,579,41309942,0,0,0,0,0,0,0,0,0,0,0,900,260,1.089,0.315,40,583,410.437,27.701,166306.92,0,0,0,1,1,0,0,0,0.29,554.949,635.71,78.904,900,45,22950,13,9633,8192,229,44,32,0,0,0,0,0,0,0,0,BENIGN
443,35331887,24,21,27840,14742,110,19,1160.0,87.146,414,0,702.0,134.133,1205.2,1.274,785153.044,0,5629801,3888,35331887,0,0,0,0,0,0,0,0,0,0,0,480,420,0.679,0.594,17,1089,604.175,124.09,194059.519,0,0,0,1,0,0,0,0,0.88,742.658,163.724,544.649,480,24,27840,21,14742,65535,-1,23,32,0,0,0,0,0,0,0,0,BENIGN
993,31247172,6,37,6738,13209,1261,24,1123.0,305.725,1052,9,357.0,113.671,638.362,1.376,726678.419,0,20760368,1185,31247172,0,0,0,0,0,0,0,0,0,0,0,120,740,0.192,1.184,2,1110,579.506,366.926,203054.729,0,0,0,0,0,0,0,0,6.17,750.712,542.293,807.834,120,6,6738,37,13209,8192,-1,5,20,0,0,0,0,0,0,0,0,BENIGN
22,85512783,185,53,150035,51092,1322,34,811.0,272.266,1042,16,964.0,1.326,2352.011,64.637,359297.408,0,9410211,4120,85512783,0,0,0,0,0,0,0,0,0,0,0,3700,1060,2.163,0.62,57,1156,119.07,262.995,186431.977,0,1,0,1,0,0,0,0,0.29,241.916,690.54,238.433,3700,185,150035,53,51092,65535,65535,184,32,0,0,0,0,0,0,0,0,DoS Hulk
993,91764200,19,49,2565,63847,1356,12,135.0,30.989,341,21,1303.0,101.576,723.725,0.741,1349473.529,0,40858177,4651,91764200,0,0,0,0,0,0,0,0,0,0,0,380,980,0.207,0.534,8,85,454.882,242.899,243127.252,0,0,0,0,0,0,0,0,2.58,621.109,290.137,484.221,380,19,2565,49,63847,65535,65535,18,32,0,0,0,0,0,0,0,0,BENIGN
8080,119945408,36,12,24408,2580,75,18,678.0,183.588,1077,28,215.0,397.587,225.002,0.4,2498862.667,0,51921907,1718,119945408,0,0,0,0,0,0,0,0,0,0,0,720,240,0.3,0.1,58,491,104.167,45.152,186871.545,0,0,0,1,1,0,0,0,0.33,154.04,745.387,477.52,720,36,24408,12,2580,-1,235,35,20,0,0,0,0,0,0,0,0,BENIGN
80,117594223,32,25,2880,9125,1046,28,90.0,162.168,328,26,365.0,137.584,102.088,0.485,2063056.544,0,42423278,990,117594223,0,0,0,0,0,0,0,0,0,0,0,640,500,0.272,0.213,53,738,41.498,375.367,209777.699,0,0,0,0,0,0,0,0,0.78,653.2,815.347,289.256,640,32,2880,25,9125,29200,-1,31,32,0,0,0,0,0,0,0,0,BENIGN
53,116765656,38,4,29564,3664,138,17,778.0,40.684,1395,18,916.0,253.985,284.57,0.36,2780134.667,0,19986951,2042,116765656,0,0,0,0,0,0,0,0,0,0,0,760,80,0.325,0.034,17,953,479.428,94.925,93337.321,0,0,0,0,1,0,0,0,0.11,738.288,582.57,825.545,760,38,29564,4,3664,8192,-1,37,20,0,0,0,0,0,0,0,0,BENIGN
53,55148188,29,39,9367,53001,1034,3,323.0,364.762,1166,8,1359.0,68.305,1130.917,1.233,811002.765,0,27841230,2815,55148188,0,0,0,0,0,0,0,0,0,0,0,580,780,0.526,0.707,18,669,259.939,369.373,163204.456,0,0,0,0,1,0,0,0,1.34,298.719,519.297,379.156,580,29,9367,39,53001,8192,229,28,20,0,0,0,0,0,0,0,0,BENIGN
445,108961516,255,281,124950,271727,915,8,490.0,219.114,539,5,967.0,69.878,3640.524,179.244,203286.41,0,74608158,746,108961516,0,0,0,0,0,0,0,0,0,0,0,5100,5620,2.34,2.579,20,549,356.743,404.679,50535.461,0,1,0,1,1,0,0,0,1.1,395.94,490.785,364.105,5100,255,124950,281,271727,29200,-1,254,32,0,0,0,0,0,0,0,0,DDoS
993,48337876,9,43,9630,48289,482,5,1070.0,108.408,548,24,1123.0,159.903,1198.212,1.076,929574.538,0,29921051,3537,48337876,0,0,0,0,0,0,0,0,0,0,0,180,860,0.186,0.89,19,104,149.432,212.6,190922.692,0,0,0,1,1,0,0,0,4.78,40.154,376.708,837.071,180,9,9630,43,48289,65535,65535,8,20,0,0,0,0,0,0,0,0,BENIGN
80,30037984,10,9,11090,12924,1365,29,1109.0,34.001,120,0,1436.0,312.919,799.454,0.633,1580946.526,0,7803984,4664,30037984,0,0,0,0,0,0,0,0,0,0,0,200,180,0.333,0.3,58,136,595.135,151.891,31991.712,0,0,0,1,1,0,0,0,0.9,640.78,136.434,100.503,200,10,11090,9,12924,8192,65535,9,32,0,0,0,0,0,0,0,0,BENIGN
21,80673029,1,5,1140,3285,687,15,1140.0,190.122,520,35,657.0,98.823,54.851,2.965,13445504.833,0,55272223,2518,80673029,0,0,0,0,0,0,0,0,0,0,0,20,100,0.012,0.062,3,104,206.939,442.424,161792.089,0,1,0,1,0,0,0,0,5.0,835.638,235.036,69.324,20,1,1140,5,3285,29200,65535,0,32,0,0,0,0,0,0,0,0,SSH-Patator
443,906435,52,18,55796,3204,1055,12,1073.0,124.686,437,14,178.0,186.046,65090.161,77.226,12949.071,0,277896,2416,906435,0,0,0,0,0,0,0,0,0,0,0,1040,360,57.368,19.858,6,1337,466.358,93.657,55831.035,0,0,0,0,1,0,0,0,0.35,855.935,165.889,378.376,1040,52,55796,18,3204,8192,-1,51,20,0,0,0,0,0,0,0,0,BENIGN
993,95275608,4,11,3380,10560,683,7,845.0,399.012,379,21,960.0,76.273,146.312,0.157,6351707.2,0,87572806,4299,95275608,0,0,0,0,0,0,0,0,0,0,0,80,220,0.042,0.115,47,1017,67.429,332.215,94654.854,0,0,0,1,1,0,0,0,2.75,420.494,133.704,107.288,80,4,3380,11,10560,-1,235,3,32,0,0,0,0,0,0,0,0,BENIGN
53,16603845,36,48,16704,39264,672,27,464.0,35.104,1009,12,818.0,149.086,3370.786,5.059,197664.821,0,15426758,3656,16603845,0,0,0,0,0,0,0,0,0,0,0,720,960,2.168,2.891,12,722,353.254,448.497,7570.514,0,0,0,0,1,0,0,0,1.33,738.169,699.334,74.959,720,36,16704,48,39264,-1,65535,35,20,0,0,0,0,0,0,0,0,BENIGN
53,8322023,17,12,2856,15360,783,17,168.0,133.988,1303,2,1280.0,104.869,2188.891,3.485,286966.31,0,6011577,2592,8322023,0,0,0,0,0,0,0,0,0,0,0,340,240,2.043,1.442,59,624,295.769,360.786,148892.039,0,0,0,0,0,0,0,0,0.71,750.376,132.245,655.391,340,17,2856,12,15360,65535,65535,16,32,0,0,0,0,0,0,0,0,BENIGN
80,109360639,32,8,33792,3312,661,9,1056.0,242.902,711,20,414.0,184.312,339.281,0.366,2734015.975,0,105204289,4880,109360639,0,0,0,0,0,0,0,0,0,0,0,640,160,0.293,0.073,5,1108,209.688,376.443,61826.878,0,0,0,0,0,0,0,0,0.25,454.253,508.37,178.195,640,32,33792,8,3312,65535,-1,31,20,0,0,0,0,0,0,0,0,BENIGN
445,11285376,107,49,96514,51940,394,14,902.0,53.172,983,39,1060.0,356.505,13154.546,546.852,72342.154,0,3941527,4411,11285376,0,0,0,0,0,0,0,0,0,0,0,2140,980,9.481,4.342,54,1420,693.227,389.875,73480.854,0,1,0,1,1,0,0,0,0.46,258.489,263.888,417.882,2140,107,96514,49,51940,8192,229,106,20,0,0,0,0,0,0,0,0,PortScan
53,77615530,13,20,2236,17020,543,32,172.0,210.523,1370,6,851.0,261.331,248.095,0.425,2351985.758,0,4969163,838,77615530,0,0,0,0,0,0,0,0,0,0,0,260,400,0.167,0.258,0,1032,799.23,115.557,112074.289,0,0,0,0,1,0,0,0,1.54,794.119,240.288,83.336,260,13,2236,20,17020,8192,-1,12,32,0,0,0,0,0,0,0,0,BENIGN
80,23858410,29,38,16588,53238,256,40,572.0,238.459,1309,22,1401.0,87.058,2926.683,2.808,356095.672,0,12371807,2785,23858410,0,0,0,0,0,0,0,0,0,0,0,580,760,1.216,1.593,9,150,215.42,127.457,149855.842,0,0,0,0,0,0,0,0,1.31,744.196,391.736,359.756,580,29,16588,38,53238,29200,-1,28,20,0,0,0,0,0,0,0,0,BENIGN
445,66521693,281,247,47489,216125,1399,35,169.0,61.821,1133,5,875.0,261.223,3962.828,46.455,125988.055,0,26694036,2221,66521693,0,0,0,0,0,0,0,0,0,0,0,5620,4940,4.224,3.713,26,640,614.317,208.923,12840.171,0,0,0,1,1,0,0,0,0.88,398.143,783.252,897.094,5620,281,47489,247,216125,29200,229,280,32,0,0,0,0,0,0,0,0,SSH-Patator
80,788744,28,10,25396,2720,871,36,907.0,353.135,983,10,272.0,51.99,35646.547,48.178,20756.421,0,54207,4518,788744,0,0,0,0,0,0,0,0,0,0,0,560,200,35.499,12.678,9,1372,733.563,198.36,143216.127,0,0,0,0,1,0,0,0,0.36,165.463,283.634,488.197,560,28,25396,10,2720,-1,-1,27,32,0,0,0,0,0,0,0,0,BENIGN
80,108020255,51,12,33507,3588,1028,20,657.0,21.35,1343,24,299.0,34.518,343.408,0.583,1714607.222,0,95604668,1312,108020255,0,0,0,0,0,0,0,0,0,0,0,1020,240,0.472,0.111,40,514,574.106,307.365,49028.236,0,0,0,0,1,0,0,0,0.24,526.267,75.873,847.152,1020,51,33507,12,3588,8192,65535,50,32,0,0,0,0,0,0,0,0,BENIGN
22,33159684,372,98,46128,116718,1407,20,124.0,47.092,1267,29,1191.0,220.021,4910.964,482.115,70552.519,0,21040053,2508,33159684,0,0,0,0,0,0,0,0,0,0,0,7440,1960,11.218,2.955,41,920,305.062,124.629,97303.014,0,1,0,0,1,0,0,0,0.26,60.103,572.247,460.971,7440,372,46128,98,116718,8192,65535,371,32,0,0,0,0,0,0,0,0,Bot
21,63514359,205,54,36285,16362,227,28,177.0,201.737,1385,2,303.0,16.261,828.899,63.719,245229.185,0,8742337,673,63514359,0,0,0,0,0,0,0,0,0,0,0,4100,1080,3.228,0.85,59,702,708.767,255.741,13566.233,0,1,0,0,1,0,0,0,0.26,62.237,97.087,568.146,4100,205,36285,54,16362,-1,229,204,20,0,0,0,0,0,0,0,0,DoS GoldenEye
993,108849897,59,50,22302,72250,492,4,378.0,333.214,1290,16,1445.0,63.507,868.646,1.001,998622.908,0,82346834,2252,108849897,0,0,0,0,0,0,0,0,0,0,0,1180,1000,0.542,0.459,57,994,163.472,251.109,229976.953,0,0,0,1,0,0,0,0,0.85,569.645,244.163,360.15,1180,59,22302,50,72250,8192,229,58,32,0,0,0,0,0,0,0,0,BENIGN
21,37339127,348,167,282228,64295,275,33,811.0,19.429,776,28,385.0,222.072,9280.426,442.749,72503.159,0,7020178,2064,37339127,0,0,0,0,0,0,0,0,0,0,0,6960,3340,9.32,4.473,34,1349,776.675,368.962,92866.555,0,1,0,0,1,0,0,0,0.48,349.816,697.59,420.362,6960,348,282228,167,64295,8192,-1,347,32,0,0,0,0,0,0,0,0,Bot
993,41617219,41,37,57359,25160,43,2,1399.0,88.655,635,39,680.0,250.247,1982.809,1.874,533554.09,0,28030498,4199,41617219,0,0,0,0,0,0,0,0,0,0,0,820,740,0.985,0.889,23,157,153.54,113.63,163277.106,0,0,0,0,0,0,0,0,0.9,42.249,345.268,131.472,820,41,57359,37,25160,29200,229,40,32,0,0,0,0,0,0,0,0,BENIGN
8080,79066538,9,13,7110,17121,364,8,790.0,5.645,538,9,1317.0,180.341,306.463,0.278,3593933.545,0,8545461,1185,79066538,0,0,0,0,0,0,0,0,0,0,0,180,260,0.114,0.164,55,1422,712.654,200.976,66059.96,0,0,0,0,0,0,0,0,1.44,594.655,523.605,341.286,180,9,7110,13,17121,65535,65535,8,20,0,0,0,0,0,0,0,0,BENIGN
23,53631,23,31,25944,2821,366,3,1128.0,364.697,254,0,91.0,245.056,536350.245,17547.479,993.167,0,43045,1615,53631,0,0,0,0,0,0,0,0,0,0,0,460,620,428.856,578.024,9,906,211.586,304.041,126737.054,0,1,0,1,0,0,0,0,1.35,94.84,578.329,894.893,460,23,25944,31,2821,65535,-1,22,32,0,0,0,0,0,0,0,0,Bot
443,62446886,6,47,8292,45402,502,6,1382.0,104.571,1358,2,966.0,49.307,859.835,0.849,1178243.132,0,59812381,2156,62446886,0,0,0,0,0,0,0,0,0,0,0,120,940,0.096,0.753,45,167,268.749,276.894,109013.181,0,0,0,1,1,0,0,0,7.83,592.123,870.021,226.616,120,6,8292,47,45402,-1,229,5,32,0,0,0,0,0,0,0,0,BENIGN
443,112974135,48,12,17568,8508,836,21,366.0,240.492,817,40,709.0,368.671,230.814,0.531,1882902.25,0,89286496,4393,112974135,0,0,0,0,0,0,0,0,0,0,0,960,240,0.425,0.106,30,1026,762.152,348.809,214380.689,0,0,0,0,1,0,0,0,0.25,530.493,304.666,222.291,960,48,17568,12,8508,-1,229,47,20,0,0,0,0,0,0,0,0,BENIGN
22,15018031,55,82,41030,27060,125,8,746.0,277.05,1338,2,330.0,278.803,4533.883,261.156,109620.664,0,12361206,382,15018031,0,0,0,0,0,0,0,0,0,0,0,1100,1640,3.662,5.46,4,1269,695.121,99.656,238642.441,0,1,0,1,0,0,0,0,1.49,132.12,216.922,136.294,1100,55,41030,82,27060,-1,-1,54,32,0,0,0,0,0,0,0,0,DoS GoldenEye
21,13134791,388,104,249484,72072,82,22,643.0,102.681,618,3,693.0,286.305,24481.242,553.911,26696.73,0,6174424,2628,13134791,0,0,0,0,0,0,0,0,0,0,0,7760,2080,29.54,7.918,49,1292,473.214,425.689,154568.964,0,1,0,0,1,0,0,0,0.27,415.347,704.802,338.232,7760,388,249484,104,72072,-1,229,387,20,0,0,0,0,0,0,0,0,FTP-Patator
53,22866844,28,0,31136,0,150,0,1112.0,139.121,235,31,0.0,278.083,1361.622,1.224,816673.0,0,6191437,4051,22866844,0,0,0,0,0,0,0,0,0,0,0,560,0,1.224,0.0,37,771,863.198,257.57,144501.848,0,0,0,1,0,0,0,0,0.0,741.107,846.929,239.114,560,28,31136,0,0,8192,-1,27,20,0,0,0,0,0,0,0,0,BENIGN
53,93571009,36,50,9144,66300,768,6,254.0,160.508,848,5,1326.0,168.852,806.275,0.919,1088034.988,0,86686223,206,93571009,0,0,0,0,0,0,0,0,0,0,0,720,1000,0.385,0.534,23,482,300.701,214.03,136234.242,0,0,0,1,0,0,0,0,1.39,884.873,582.44,851.771,720,36,9144,50,66300,8192,-1,35,32,0,0,0,0,0,0,0,0,BENIGN
993,70025709,10,28,13950,32872,702,10,1395.0,185.263,1451,16,1174.0,231.668,668.64,0.543,1842781.816,0,16919091,2736,70025709,0,0,0,0,0,0,0,0,0,0,0,200,560,0.143,0.4,29,1376,801.208,118.97,47893.448,0,0,0,0,1,0,0,0,2.8,662.069,878.3,661.918,200,10,13950,28,32872,29200,229,9,20,0,0,0,0,0,0,0,0,BENIGN
993,25403848,17,46,4216,17342,248,12,248.0,153.693,343,19,377.0,293.317,848.612,2.48,403235.683,0,14593595,2243,25403848,0,0,0,0,0,0,0,0,0,0,0,340,920,0.669,1.811,12,283,588.664,53.435,51610.991,0,0,0,1,1,0,0,0,2.71,69.181,383.158,720.264,340,17,4216,46,17342,8192,235,16,32,0,0,0,0,0,0,0,0,BENIGN
445,34522620,310,207,15810,110952,1215,37,51.0,299.64,902,14,536.0,267.158,3671.853,546.675,66774.894,0,15341500,1486,34522620,0,0,0,0,0,0,0,0,0,0,0,6200,4140,8.98,5.996,41,314,430.356,156.507,157069.235,0,1,0,0,1,0,0,0,0.67,712.845,653.309,581.469,6200,310,15810,207,110952,29200,65535,309,32,0,0,0,0,0,0,0,0,DoS GoldenEye
23,115230953,210,265,298620,369145,1380,20,1422.0,311.272,836,31,1393.0,363.277,5795.014,153.952,242591.48,0,14278085,312,115230953,0,0,0,0,0,0,0,0,0,0,0,4200,5300,1.822,2.3,16,1172,227.378,358.108,237831.565,0,1,0,0,1,0,0,0,1.26,768.557,432.835,216.284,4200,210,298620,265,369145,65535,-1,209,32,0,0,0,0,0,0,0,0,FTP-Patator
8080,99604309,30,13,43230,5408,1092,7,1441.0,291.643,1297,22,416.0,255.028,488.312,0.432,2316379.279,0,33884302,2247,99604309,0,0,0,0,0,0,0,0,0,0,0,600,260,0.301,0.131,24,878,92.893,37.592,228858.915,0,0,0,1,1,0,0,0,0.43,133.962,301.006,384.411,600,30,43230,13,5408,8192,65535,29,32,0,0,0,0,0,0,0,0,BENIGN
3389,17354243,398,35,532922,15225,502,9,1339.0,141.253,1348,26,435.0,187.24,31585.763,494.723,40079.083,0,9876490,4491,17354243,0,0,0,0,0,0,0,0,0,0,0,7960,700,22.934,2.017,41,316,710.668,234.701,195898.367,0,1,0,1,1,0,0,0,0.09,885.286,623.784,454.149,7960,398,532922,35,15225,29200,235,397,20,0,0,0,0,0,0,0,0,SSH-Patator
80,64364120,32,27,42112,36315,1390,23,1316.0,61.101,660,24,1345.0,22.825,1218.489,0.917,1090917.288,0,55559421,4625,64364120,0,0,0,0,0,0,0,0,0,0,0,640,540,0.497,0.419,57,724,714.273,70.201,207832.0,0,0,0,0,0,0,0,0,0.84,220.385,101.92,291.973,640,32,42112,27,36315,-1,229,31,20,0,0,0,0,0,0,0,0,BENIGN
23,60661015,178,78,83126,67392,1288,38,467.0,390.87,225,35,864.0,315.23,2481.297,135.398,236957.09,0,56291118,2433,60661015,0,0,0,0,0,0,0,0,0,0,0,3560,1560,2.934,1.286,12,1072,635.802,265.398,185477.985,0,1,0,0,0,0,0,0,0.44,267.465,241.391,159.831,3560,178,83126,78,67392,65535,-1,177,32,0,0,0,0,0,0,0,0,DoS GoldenEye
123,94009000,32,15,33920,5655,1267,0,1060.0,64.143,696,29,377.0,278.354,420.97,0.5,2000191.489,0,66787614,2431,94009000,0,0,0,0,0,0,0,0,0,0,0,640,300,0.34,0.16,53,1013,362.464,209.408,240153.385,0,0,0,0,0,0,0,0,0.47,587.855,587.068,64.535,640,32,33920,15,5655,-1,235,31,20,0,0,0,0,0,0,0,0,BENIGN
993,65052052,49,9,5341,4284,891,40,109.0,50.761,233,23,476.0,136.525,147.958,0.892,1121587.103,0,52245861,4305,65052052,0,0,0,0,0,0,0,0,0,0,0,980,180,0.753,0.138,35,491,284.37,170.978,62892.989,0,0,0,1,0,0,0,0,0.18,291.879,751.851,387.208,980,49,5341,9,4284,29200,235,48,20,0,0,0,0,0,0,0,0,BENIGN
993,106293883,8,21,3464,14469,652,8,433.0,234.58,1340,5,689.0,313.686,168.711,0.273,3665306.31,0,5375568,3267,106293883,0,0,0,0,0,0,0,0,0,0,0,160,420,0.075,0.198,46,1195,801.617,272.701,12424.896,0,0,0,0,1,0,0,0,2.62,45.341,203.349,832.431,160,8,3464,21,14469,-1,65535,7,20,0,0,0,0,0,0,0,0,BENIGN
443,93469697,45,38,64530,7942,120,40,1434.0,183.152,396,6,209.0,265.448,775.353,0.888,1126140.928,0,4963056,3453,93469697,0,0,0,0,0,0,0,0,0,0,0,900,760,0.481,0.407,49,266,826.111,327.859,92217.33,0,0,0,1,0,0,0,0,0.84,523.407,261.882,299.755,900,45,64530,38,7942,65535,-1,44,32,0,0,0,0,0,0,0,0,BENIGN
22,76011884,329,296,49679,313464,283,26,151.0,230.129,868,28,1059.0,26.888,4777.45,193.763,121619.014,0,51961433,4864,76011884,0,0,0,0,0,0,0,0,0,0,0,6580,5920,4.328,3.894,37,1410,883.475,237.724,103104.274,0,1,0,0,1,0,0,0,0.9,810.364,579.13,407.22,6580,329,49679,296,313464,-1,-1,328,20,0,0,0,0,0,0,0,0,PortScan
443,17309858,31,1,18724,1205,963,11,604.0,369.121,789,9,1205.0,291.889,1151.309,1.849,540933.062,0,2828291,2401,17309858,0,0,0,0,0,0,0,0,0,0,0,620,20,1.791,0.058,40,1201,649.942,230.29,233086.677,0,0,0,0,1,0,0,0,0.03,656.801,49.805,52.667,620,31,18724,1,1205,-1,65535,30,32,0,0,0,0,0,0,0,0,BENIGN
53,80546653,11,31,14157,5022,792,36,1287.0,291.107,1002,10,162.0,57.963,238.11,0.521,1917777.452,0,15663935,2975,80546653,0,0,0,0,0,0,0,0,0,0,0,220,620,0.137,0.385,41,395,581.548,208.982,96434.371,0,0,0,1,1,0,0,0,2.82,714.777,527.462,291.454,220,11,14157,31,5022,-1,235,10,20,0,0,0,0,0,0,0,0,BENIGN
443,80683284,54,19,66798,17423,811,24,1237.0,273.929,1272,14,917.0,322.993,1043.847,0.905,1105250.466,0,38025132,13,80683284,0,0,0,0,0,0,0,0,0,0,0,1080,380,0.669,0.235,20,598,270.5,78.64,230149.06,0,0,0,1,0,0,0,0,0.35,756.579,738.107,785.796,1080,54,66798,19,17423,8192,235,53,32,0,0,0,0,0,0,0,0,BENIGN
443,11417038,35,35,36120,28735,519,19,1032.0,242.759,1427,25,821.0,186.129,5680.545,6.131,163100.543,0,3465940,2086,11417038,0,0,0,0,0,0,0,0,0,0,0,700,700,3.066,3.066,37,79,720.832,229.859,21925.245,0,0,0,0,1,0,0,0,1.0,240.265,538.448,811.359,700,35,36120,35,28735,29200,65535,34,20,0,0,0,0,0,0,0,0,BENIGN
21,25811954,48,92,30384,72036,864,33,633.0,342.78,544,2,783.0,369.047,3967.929,129.949,184371.1,0,16551349,3064,25811954,0,0,0,0,0,0,0,0,0,0,0,960,1840,1.86,3.564,55,277,359.635,231.717,20434.86,0,1,0,1,0,0,0,0,1.92,281.271,562.138,120.913,960,48,30384,92,72036,8192,65535,47,20,0,0,0,0,0,0,0,0,DDoS
123,37557408,28,6,26740,7524,308,16,955.0,337.499,733,12,1254.0,397.846,912.31,0.905,1104629.647,0,25380709,685,37557408,0,0,0,0,0,0,0,0,0,0,0,560,120,0.746,0.16,1,164,69.937,184.817,176392.584,0,0,0,0,1,0,0,0,0.21,782.154,590.264,833.053,560,28,26740,6,7524,-1,235,27,32,0,0,0,0,0,0,0,0,BENIGN
443,85984303,6,42,6462,35490,958,10,1077.0,148.364,521,14,845.0,68.85,487.903,0.558,1791339.646,0,34341242,2883,85984303,0,0,0,0,0,0,0,0,0,0,0,120,840,0.07,0.488,3,1192,817.932,418.609,11760.565,0,0,0,0,1,0,0,0,7.0,126.909,313.207,44.969,120,6,6462,42,35490,8192,235,5,32,0,0,0,0,0,0,0,0,BENIGN
8080,14149225,31,20,24831,11320,294,23,801.0,192.525,385,28,566.0,95.383,2554.981,3.604,277435.784,0,2401647,103,14149225,0,0,0,0,0,0,0,0,0,0,0,620,400,2.191,1.414,29,459,727.01,78.478,208209.046,0,0,0,1,0,0,0,0,0.65,804.288,160.196,424.631,620,31,24831,20,11320,-1,65535,30,20,0,0,0,0,0,0,0,0,BENIGN
80,60711221,22,20,11396,20340,1326,23,518.0,57.107,493,3,1017.0,72.096,522.737,0.692,1445505.262,0,30291444,4533,60711221,0,0,0,0,0,0,0,0,0,0,0,440,400,0.362,0.329,56,356,417.515,74.696,104565.755,0,0,0,0,0,0,0,0,0.91,61.861,531.052,295.034,440,22,11396,20,20340,8192,235,21,32,0,0,0,0,0,0,0,0,BENIGN
23,61228068,248,58,87792,63278,1186,30,354.0,334.113,284,16,1091.0,301.94,2467.332,20.793,200091.725,0,24446414,3539,61228068,0,0,0,0,0,0,0,0,0,0,0,4960,1160,4.05,0.947,16,548,835.569,48.782,72357.156,0,0,0,1,0,0,0,0,0.23,164.142,590.236,420.214,4960,248,87792,58,63278,29200,229,247,32,0,0,0,0,0,0,0,0,DoS Hulk
80,70677267,19,11,14763,10241,877,13,777.0,110.739,410,8,931.0,337.349,353.777,0.424,2355908.9,0,70015045,1887,70677267,0,0,0,0,0,0,0,0,0,0,0,380,220,0.269,0.156,45,419,209.172,39.633,21855.254,0,0,0,1,1,0,0,0,0.58,190.773,157.855,616.114,380,19,14763,11,10241,8192,235,18,20,0,0,0,0,0,0,0,0,BENIGN
21,92911280,376,266,329000,40698,726,18,875.0,336.763,1049,5,153.0,6.178,3979.043,149.953,144721.62,0,63970095,1091,92911280,0,0,0,0,0,0,0,0,0,0,0,7520,5320,4.047,2.863,55,1422,268.983,93.026,207905.706,0,1,0,1,0,0,0,0,0.71,534.431,777.943,346.295,7520,376,329000,266,40698,65535,-1,375,20,0,0,0,0,0,0,0,0,DDoS
80,109593543,54,20,44334,24400,637,6,821.0,381.621,1053,28,1220.0,205.326,627.172,0.675,1480993.824,0,71203915,4401,109593543,0,0,0,0,0,0,0,0,0,0,0,1080,400,0.493,0.182,8,102,249.443,44.293,154769.771,0,0,0,0,0,0,0,0,0.37,308.245,517.61,861.604,1080,54,44334,20,24400,-1,-1,53,20,0,0,0,0,0,0,0,0,BENIGN
445,112384780,307,295,303930,327450,250,22,990.0,347.81,406,2,1110.0,109.205,5618.021,59.233,186685.681,0,62390488,4043,112384780,0,0,0,0,0,0,0,0,0,0,0,6140,5900,2.732,2.625,37,1085,694.9,55.02,30385.763,0,0,0,0,0,0,0,0,0.96,166.61,532.644,682.058,6140,307,303930,295,327450,8192,-1,306,32,0,0,0,0,0,0,0,0,SSH-Patator
80,112705674,39,33,4446,28050,783,21,114.0,160.283,726,27,850.0,337.21,288.326,0.639,1565356.583,0,75755781,2626,112705674,0,0,0,0,0,0,0,0,0,0,0,780,660,0.346,0.293,52,880,768.962,26.777,129343.624,0,0,0,0,1,0,0,0,0.85,788.627,610.282,49.937,780,39,4446,33,28050,-1,229,38,20,0,0,0,0,0,0,0,0,BENIGN
443,26948889,33,42,2706,21042,901,25,82.0,310.632,969,40,501.0,18.705,881.224,2.783,359318.52,0,1351130,281,26948889,0,0,0,0,0,0,0,0,0,0,0,660,840,1.225,1.559,55,1373,573.996,458.965,155867.678,0,0,0,0,0,0,0,0,1.27,255.5,487.462,412.974,660,33,2706,42,21042,-1,235,32,20,0,0,0,0,0,0,0,0,BENIGN
123,86908677,11,7,1793,8799,589,5,163.0,186.567,1133,9,1257.0,175.991,121.875,0.207,4828259.833,0,68670147,1076,86908677,0,0,0,0,0,0,0,0,0,0,0,220,140,0.127,0.081,56,661,827.406,288.672,68528.003,0,0,0,1,0,0,0,0,0.64,762.183,564.559,530.354,220,11,1793,7,8799,65535,229,10,32,0,0,0,0,0,0,0,0,BENIGN
53,73555308,20,39,20360,39000,103,15,1018.0,133.467,426,32,1000.0,218.366,807.012,0.802,1246700.136,0,53211206,97,73555308,0,0,0,0,0,0,0,0,0,0,0,400,780,0.272,0.53,59,782,179.573,476.039,80988.129,0,0,0,1,1,0,0,0,1.95,272.138,795.4,225.881,400,20,20360,39,39000,-1,-1,19,20,0,0,0,0,0,0,0,0,BENIGN
80,81325777,56,22,52696,30514,1098,24,941.0,333.732,765,6,1387.0,208.372,1023.169,0.959,1042638.167,0,20739540,3414,81325777,0,0,0,0,0,0,0,0,0,0,0,1120,440,0.689,0.271,21,1428,343.111,337.672,154074.158,0,0,0,0,1,0,0,0,0.39,675.339,679.22,693.337,1120,56,52696,22,30514,65535,235,55,20,0,0,0,0,0,0,0,0,BENIGN
80,13872278,1,26,1166,32214,1059,25,1166.0,385.097,1211,9,1239.0,167.164,2406.238,1.946,513788.074,0,13148072,2288,13872278,0,0,0,0,0,0,0,0,0,0,0,20,520,0.072,1.874,55,1332,562.307,189.781,113070.81,0,0,0,1,1,0,0,0,26.0,661.832,291.91,375.989,20,1,1166,26,32214,65535,235,0,20,0,0,0,0,0,0,0,0,BENIGN
443,114026860,32,24,30368,15696,1139,19,949.0,321.181,932,36,654.0,150.8,403.975,0.491,2036193.929,0,31130093,720,114026860,0,0,0,0,0,0,0,0,0,0,0,640,480,0.281,0.21,52,736,318.526,421.695,209538.226,0,0,0,0,1,0,0,0,0.75,876.024,806.478,862.086,640,32,30368,24,15696,-1,-1,31,32,0,0,0,0,0,0,0,0,BENIGN
123,66751489,20,34,13580,38828,935,33,679.0,330.27,1443,27,1142.0,155.807,785.121,0.809,1236138.685,0,24005650,333,66751489,0,0,0,0,0,0,0,0,0,0,0,400,680,0.3,0.509,38,1444,341.952,473.95,169119.302,0,0,0,0,0,0,0,0,1.7,392.186,470.782,597.741,400,20,13580,34,38828,8192,229,19,32,0,0,0,0,0,0,0,0,BENIGN
993,59077729,50,39,62150,28977,1125,5,1243.0,68.289,691,23,743.0,391.371,1542.493,1.506,663794.708,0,55433889,2544,59077729,0,0,0,0,0,0,0,0,0,0,0,1000,780,0.846,0.66,32,419,135.04,447.256,172471.796,0,0,0,0,1,0,0,0,0.78,490.689,741.9,218.703,1000,50,62150,39,28977,8192,65535,49,20,0,0,0,0,0,0,0,0,BENIGN
22,75826519,309,54,235767,65178,1456,26,763.0,4.293,45,19,1207.0,284.255,3968.862,190.353,208888.482,0,74213326,32,75826519,0,0,0,0,0,0,0,0,0,0,0,6180,1080,4.075,0.712,58,683,381.907,49.249,3860.266,0,1,0,1,0,0,0,0,0.17,701.311,527.643,789.179,6180,309,235767,54,65178,8192,229,308,32,0,0,0,0,0,0,0,0,FTP-Patator
23,21041425,266,260,68628,25740,1110,31,258.0,329.256,1295,27,99.0,322.64,4484.867,145.089,40002.709,0,2084242,102,21041425,0,0,0,0,0,0,0,0,0,0,0,5320,5200,12.642,12.357,43,1245,317.627,357.729,88461.2,0,1,0,0,1,0,0,0,0.98,779.022,855.022,94.199,5320,266,68628,260,25740,8192,65535,265,32,0,0,0,0,0,0,0,0,DoS Hulk
23,119526350,203,298,26187,280120,550,14,129.0,17.592,1242,11,940.0,125.917,2562.673,17.077,238575.549,0,116364985,3730,119526350,0,0,0,0,0,0,0,0,0,0,0,4060,5960,1.698,2.493,19,916,558.195,480.014,123887.967,0,0,0,1,0,0,0,0,1.47,620.423,542.945,395.606,4060,203,26187,298,280120,65535,65535,202,20,0,0,0,0,0,0,0,0,Bot
443,11739441,12,10,9276,8160,55,18,773.0,158.411,783,7,816.0,134.006,1485.25,1.874,533610.955,0,6469251,2751,11739441,0,0,0,0,0,0,0,0,0,0,0,240,200,1.022,0.852,25,1393,96.284,61.645,206456.318,0,0,0,0,1,0,0,0,0.83,373.133,441.632,336.252,240,12,9276,10,8160,65535,-1,11,32,0,0,0,0,0,0,0,0,BENIGN
80,45824765,52,9,27820,2745,442,17,535.0,217.946,301,35,305.0,177.323,666.997,1.331,751225.656,0,16118504,1304,45824765,0,0,0,0,0,0,0,0,0,0,0,1040,180,1.135,0.196,23,782,226.169,202.576,157335.935,0,0,0,1,0,0,0,0,0.17,857.808,474.154,235.455,1040,52,27820,9,2745,65535,229,51,32,0,0,0,0,0,0,0,0,BENIGN
8080,59102344,38,23,43092,12512,1285,32,1134.0,85.017,291,32,544.0,36.588,940.809,1.032,968890.885,0,57167194,2215,59102344,0,0,0,0,0,0,0,0,0,0,0,760,460,0.643,0.389,47,848,64.696,359.114,36267.454,0,0,0,1,0,0,0,0,0.61,651.206,637.41,707.479,760,38,43092,23,12512,8192,235,37,20,0,0,0,0,0,0,0,0,BENIGN
53,14624541,5,35,3900,37240,434,4,780.0,287.488,220,14,1064.0,115.427,2813.08,2.735,365613.525,0,13704148,3268,14624541,0,0,0,0,0,0,0,0,0,0,0,100,700,0.342,2.393,18,788,386.905,454.461,193749.202,0,0,0,1,0,0,0,0,7.0,191.698,355.26,727.476,100,5,3900,35,37240,29200,65535,4,20,0,0,0,0,0,0,0,0,BENIGN
993,93851560,30,15,25800,11415,240,11,860.0,116.591,594,38,761.0,293.621,396.53,0.479,2085590.222,0,90921580,331,93851560,0,0,0,0,0,0,0,0,0,0,0,600,300,0.32,0.16,25,141,563.336,215.352,189239.922,0,0,0,1,0,0,0,0,0.5,674.958,515.016,581.332,600,30,25800,15,11415,8192,229,29,32,0,0,0,0,0,0,0,0,BENIGN
123,34186476,60,27,84720,38907,754,0,1412.0,44.749,1382,18,1441.0,360.428,3616.255,2.545,392948.0,0,3177390,2002,34186476,0,0,0,0,0,0,0,0,0,0,0,1200,540,1.755,0.79,43,287,71.932,159.276,194280.147,0,0,0,0,1,0,0,0,0.45,398.823,679.782,898.374,1200,60,84720,27,38907,8192,235,59,20,0,0,0,0,0,0,0,0,BENIGN
993,56905058,29,21,42224,22470,1449,40,1456.0,250.379,1081,3,1070.0,270.635,1136.876,0.879,1138101.16,0,13822345,3509,56905058,0,0,0,0,0,0,0,0,0,0,0,580,420,0.51,0.369,43,1108,768.045,389.125,122377.516,0,0,0,0,0,0,0,0,0.72,858.977,749.651,520.849,580,29,42224,21,22470,8192,229,28,20,0,0,0,0,0,0,0,0,BENIGN
8080,33512833,4,10,3088,7510,229,12,772.0,254.602,320,8,751.0,274.493,316.237,0.418,2393773.786,0,16322328,3954,33512833,0,0,0,0,0,0,0,0,0,0,0,80,200,0.119,0.298,15,555,45.057,345.763,33275.531,0,0,0,1,1,0,0,0,2.5,154.723,648.635,545.296,80,4,3088,10,7510,8192,235,3,20,0,0,0,0,0,0,0,0,BENIGN
123,102074870,11,43,15455,15351,984,25,1405.0,332.468,274,18,357.0,4.949,301.798,0.529,1890275.37,0,65311511,1691,102074870,0,0,0,0,0,0,0,0,0,0,0,220,860,0.108,0.421,2,183,810.398,151.952,27648.836,0,0,0,1,1,0,0,0,3.91,868.081,178.735,422.762,220,11,15455,43,15351,29200,235,10,20,0,0,0,0,0,0,0,0,BENIGN
993,6117669,1,29,1034,6119,719,36,1034.0,105.772,1361,31,211.0,382.693,1169.236,4.904,203922.3,0,4096521,1554,6117669,0,0,0,0,0,0,0,0,0,0,0,20,580,0.163,4.74,50,1172,316.759,179.648,22741.922,0,0,0,1,1,0,0,0,29.0,601.643,107.205,682.806,20,1,1034,29,6119,-1,65535,0,20,0,0,0,0,0,0,0,0,BENIGN
80,24928894,41,33,58876,12705,675,39,1436.0,130.669,417,22,385.0,128.062,2871.407,2.968,336876.946,0,12365672,1116,24928894,0,0,0,0,0,0,0,0,0,0,0,820,660,1.645,1.324,35,816,760.526,126.775,14430.519,0,0,0,1,0,0,0,0,0.8,818.468,852.643,465.167,820,41,58876,33,12705,65535,229,40,32,0,0,0,0,0,0,0,0,BENIGN
443,84086623,6,9,8688,4545,323,28,1448.0,254.702,862,5,505.0,391.615,157.373,0.178,5605774.867,0,58989045,3927,84086623,0,0,0,0,0,0,0,0,0,0,0,120,180,0.071,0.107,12,507,661.737,1.401,210205.776,0,0,0,0,1,0,0,0,1.5,283.601,608.998,482.575,120,6,8688,9,4545,65535,235,5,20,0,0,0,0,0,0,0,0,BENIGN
53,89402988,53,11,19928,8965,48,28,376.0,321.665,1422,22,815.0,227.006,323.177,0.716,1396921.688,0,62926344,696,89402988,0,0,0,0,0,0,0,0,0,0,0,1060,220,0.593,0.123,34,722,484.431,214.188,133673.832,0,0,0,1,0,0,0,0,0.21,867.163,573.088,737.587,1060,53,19928,11,8965,-1,235,52,32,0,0,0,0,0,0,0,0,BENIGN
443,56524766,24,30,33216,40950,652,21,1384.0,212.162,1337,1,1365.0,339.244,1312.097,0.955,1046754.926,0,14930601,3664,56524766,0,0,0,0,0,0,0,0,0,0,0,480,600,0.425,0.531,44,234,166.35,289.536,138719.308,0,0,0,1,1,0,0,0,1.25,495.781,525.741,380.855,480,24,33216,30,40950,-1,229,23,20,0,0,0,0,0,0,0,0,BENIGN
53,27222090,36,47,9684,23171,1370,6,269.0,75.016,1412,16,493.0,283.639,1206.924,3.049,327976.988,0,7616528,4538,27222090,0,0,0,0,0,0,0,0,0,0,0,720,940,1.322,1.727,29,523,505.455,348.362,183896.675,0,0,0,1,0,0,0,0,1.31,624.364,728.288,155.485,720,36,9684,47,23171,-1,-1,35,32,0,0,0,0,0,0,0,0,BENIGN
8080,52608350,35,10,15120,11930,230,8,432.0,149.346,1307,3,1193.0,161.743,514.177,0.855,1169074.444,0,3169022,3050,52608350,0,0,0,0,0,0,0,0,0,0,0,700,200,0.665,0.19,2,91,643.661,477.814,114926.423,0,0,0,0,0,0,0,0,0.29,406.339,804.22,574.206,700,35,15120,10,11930,8192,-1,34,32,0,0,0,0,0,0,0,0,BENIGN
3389,100050476,175,5,98525,1455,1114,22,563.0,288.712,129,38,291.0,141.377,999.296,19.958,555835.978,0,47746650,4496,100050476,0,0,0,0,0,0,0,0,0,0,0,3500,100,1.749,0.05,20,1295,137.154,462.678,168804.46,0,1,0,1,0,0,0,0,0.03,58.304,890.309,418.295,3500,175,98525,5,1455,-1,65535,174,20,0,0,0,0,0,0,0,0,DoS Hulk
993,24866358,10,35,6330,50645,819,9,633.0,235.326,552,34,1447.0,398.907,2291.248,1.81,552585.733,0,9016550,3637,24866358,0,0,0,0,0,0,0,0,0,0,0,200,700,0.402,1.408,0,110,334.436,75.467,125443.717,0,0,0,0,0,0,0,0,3.5,104.159,573.562,594.43,200,10,6330,35,50645,65535,65535,9,20,0,0,0,0,0,0,0,0,BENIGN
80,60208348,26,14,33566,15372,779,21,1291.0,211.304,677,8,1098.0,235.689,812.811,0.664,1505208.7,0,2929705,1731,60208348,0,0,0,0,0,0,0,0,0,0,0,520,280,0.432,0.233,10,799,665.431,165.685,117101.342,0,0,0,1,1,0,0,0,0.54,45.15,538.079,327.05,520,26,33566,14,15372,-1,229,25,32,0,0,0,0,0,0,0,0,BENIGN
443,81693591,3,40,1014,56560,598,24,338.0,109.335,1064,16,1414.0,142.733,704.755,0.526,1899850.953,0,76977458,4326,81693591,0,0,0,0,0,0,0,0,0,0,0,60,800,0.037,0.49,37,344,893.277,17.056,140157.109,0,0,0,0,0,0,0,0,13.33,705.897,584.468,585.776,60,3,1014,40,56560,29200,235,2,20,0,0,0,0,0,0,0,0,BENIGN
993,18943981,44,4,29128,2956,782,32,662.0,341.281,542,22,739.0,349.145,1693.625,2.534,394666.271,0,13621840,2739,18943981,0,0,0,0,0,0,0,0,0,0,0,880,80,2.323,0.211,3,750,617.708,441.831,195641.334,0,0,0,0,1,0,0,0,0.09,735.927,897.105,169.696,880,44,29128,4,2956,8192,-1,43,32,0,0,0,0,0,0,0,0,BENIGN
123,53160178,37,49,24383,18865,175,9,659.0,120.596,671,16,385.0,290.662,813.541,1.618,618141.605,0,36995134,2789,53160178,0,0,0,0,0,0,0,0,0,0,0,740,980,0.696,0.922,4,449,541.676,40.016,44685.852,0,0,0,1,1,0,0,0,1.32,347.0,706.017,408.312,740,37,24383,49,18865,-1,65535,36,32,0,0,0,0,0,0,0,0,BENIGN
443,37026917,58,16,67222,1392,1322,17,1159.0,94.761,81,13,87.0,19.078,1853.084,1.999,500363.743,0,30059318,1641,37026917,0,0,0,0,0,0,0,0,0,0,0,1160,320,1.566,0.432,57,1294,283.066,250.958,24892.474,0,0,0,0,0,0,0,0,0.28,868.301,556.879,108.205,1160,58,67222,16,1392,29200,229,57,20,0,0,0,0,0,0,0,0,BENIGN
23,72066792,329,7,444150,4907,698,20,1350.0,347.093,95,31,701.0,162.127,6231.122,172.832,214484.5,0,45335369,1429,72066792,0,0,0,0,0,0,0,0,0,0,0,6580,140,4.565,0.097,3,908,724.785,43.599,153197.971,0,0,0,1,1,0,0,0,0.02,848.606,791.05,62.137,6580,329,444150,7,4907,29200,235,328,20,0,0,0,0,0,0,0,0,DoS GoldenEye
80,97191733,54,21,19440,4851,359,13,360.0,57.063,224,22,231.0,325.607,249.929,0.772,1295889.773,0,56805165,2818,97191733,0,0,0,0,0,0,0,0,0,0,0,1080,420,0.556,0.216,34,1452,546.101,277.497,164339.839,0,0,0,0,1,0,0,0,0.39,677.331,261.735,651.828,1080,54,19440,21,4851,-1,235,53,32,0,0,0,0,0,0,0,0,BENIGN
53,48500233,34,33,20434,10230,58,35,601.0,190.305,1382,23,310.0,60.237,632.244,1.381,723884.075,0,42205173,1869,48500233,0,0,0,0,0,0,0,0,0,0,0,680,660,0.701,0.68,25,244,845.777,312.315,30555.602,0,0,0,0,0,0,0,0,0.97,262.837,561.224,674.333,680,34,20434,33,10230,8192,229,33,20,0,0,0,0,0,0,0,0,BENIGN
993,95245300,16,28,16976,13328,744,24,1061.0,184.04,703,1,476.0,43.122,318.168,0.462,2164665.909,0,2071851,536,95245300,0,0,0,0,0,0,0,0,0,0,0,320,560,0.168,0.294,51,1381,825.744,337.106,87671.06,0,0,0,1,0,0,0,0,1.75,392.538,830.452,852.658,320,16,16976,28,13328,8192,-1,15,32,0,0,0,0,0,0,0,0,BENIGN
445,95195834,223,123,114399,94095,1356,17,513.0,119.384,1061,13,765.0,392.538,2190.159,35.335,275132.468,0,21035084,3910,95195834,0,0,0,0,0,0,0,0,0,0,0,4460,2460,2.343,1.292,55,607,860.668,68.262,75021.167,0,1,0,1,0,0,0,0,0.55,790.007,254.77,315.001,4460,223,114399,123,94095,65535,229,222,20,0,0,0,0,0,0,0,0,Bot
23,118590609,377,184,50518,172776,649,1,134.0,322.008,351,0,939.0,53.354,1882.898,42.231,211391.46,0,40628852,1235,118590609,0,0,0,0,0,0,0,0,0,0,0,7540,3680,3.179,1.552,32,780,123.892,84.371,170692.391,0,1,0,1,1,0,0,0,0.49,798.478,882.499,68.307,7540,377,50518,184,172776,8192,229,376,20,0,0,0,0,0,0,0,0,DoS Hulk
22,79883679,119,294,109599,74676,688,4,921.0,351.429,286,31,254.0,388.235,2306.792,153.462,193422.952,0,70520105,3510,79883679,0,0,0,0,0,0,0,0,0,0,0,2380,5880,1.49,3.68,0,426,232.565,270.219,158300.332,0,1,0,1,0,0,0,0,2.47,762.033,863.226,106.502,2380,119,109599,294,74676,8192,229,118,20,0,0,0,0,0,0,0,0,DDoS
443,2041066,17,17,3077,2176,1081,3,181.0,163.249,1179,23,128.0,106.883,2573.655,16.658,60031.353,0,683068,339,2041066,0,0,0,0,0,0,0,0,0,0,0,340,340,8.329,8.329,41,989,507.814,274.405,172572.008,0,0,0,1,1,0,0,0,1.0,402.887,504.397,369.359,340,17,3077,17,2176,8192,65535,16,32,0,0,0,0,0,0,0,0,BENIGN
123,107878029,10,40,500,21160,1066,16,50.0,277.466,812,15,529.0,330.222,200.782,0.463,2157560.58,0,89043652,951,107878029,0,0,0,0,0,0,0,0,0,0,0,200,800,0.093,0.371,5,1331,714.212,454.26,12377.507,0,0,0,1,1,0,0,0,4.0,512.095,311.43,875.587,200,10,500,40,21160,-1,65535,9,32,0,0,0,0,0,0,0,0,BENIGN
993,79496341,35,24,18200,31896,815,22,520.0,284.869,845,33,1329.0,106.564,630.167,0.742,1347395.61,0,43236456,589,79496341,0,0,0,0,0,0,0,0,0,0,0,700,480,0.44,0.302,40,1172,611.249,461.974,191347.184,0,0,0,1,1,0,0,0,0.69,777.627,339.089,546.962,700,35,18200,24,31896,8192,229,34,20,0,0,0,0,0,0,0,0,BENIGN
443,70967586,24,33,11016,36960,789,15,459.0,269.473,352,29,1120.0,71.085,676.027,0.803,1245045.368,0,5806146,2637,70967586,0,0,0,0,0,0,0,0,0,0,0,480,660,0.338,0.465,24,800,755.624,408.885,30758.503,0,0,0,1,0,0,0,0,1.38,362.626,353.706,610.184,480,24,11016,33,36960,29200,65535,23,20,0,0,0,0,0,0,0,0,BENIGN
23,38990260,229,57,219840,76323,1099,9,960.0,2.368,307,23,1339.0,195.511,7595.82,148.001,136329.58,0,15947031,3037,38990260,0,0,0,0,0,0,0,0,0,0,0,4580,1140,5.873,1.462,33,756,729.339,126.433,139050.106,0,1,0,0,1,0,0,0,0.25,547.909,303.624,508.408,4580,229,219840,57,76323,29200,235,228,20,0,0,0,0,0,0,0,0,DDoS
443,12257932,34,40,35700,8840,302,27,1050.0,383.347,634,39,221.0,312.422,3633.566,6.037,165647.73,0,736523,3625,12257932,0,0,0,0,0,0,0,0,0,0,0,680,800,2.774,3.263,24,811,75.907,376.548,242445.866,0,0,0,1,1,0,0,0,1.18,343.023,371.407,537.683,680,34,35700,40,8840,8192,235,33,20,0,0,0,0,0,0,0,0,BENIGN
8080,44218108,56,4,11368,3808,845,33,203.0,165.885,1356,1,952.0,43.123,343.208,1.357,736968.467,0,37815140,3789,44218108,0,0,0,0,0,0,0,0,0,0,0,1120,80,1.266,0.09,59,1006,642.813,218.06,248732.557,0,0,0,0,0,0,0,0,0.07,418.26,462.492,480.142,1120,56,11368,4,3808,-1,229,55,20,0,0,0,0,0,0,0,0,BENIGN
53,5447625,60,43,38520,50482,833,29,642.0,47.248,492,4,1174.0,228.41,16337.762,18.907,52889.563,0,129797,833,5447625,0,0,0,0,0,0,0,0,0,0,0,1200,860,11.014,7.893,31,240,769.412,107.818,113569.399,0,0,0,1,0,0,0,0,0.72,455.201,87.109,634.273,1200,60,38520,43,50482,65535,229,59,32,0,0,0,0,0,0,0,0,BENIGN
443,117028827,41,9,28536,6516,1101,0,696.0,74.458,1143,17,724.0,208.004,299.516,0.427,2340576.54,0,11625201,2564,117028827,0,0,0,0,0,0,0,0,0,0,0,820,180,0.35,0.077,24,582,611.001,149.388,98695.642,0,0,0,0,1,0,0,0,0.22,303.888,253.729,366.995,820,41,28536,9,6516,65535,235,40,32,0,0,0,0,0,0,0,0,BENIGN
445,6993714,107,274,147125,220570,1235,9,1375.0,146.291,739,12,805.0,182.572,52575.07,2039.263,18356.205,0,5930052,4555,6993714,0,0,0,0,0,0,0,0,0,0,0,2140,5480,15.299,39.178,42,164,667.163,4.255,16910.541,0,0,0,0,1,0,0,0,2.56,275.259,724.636,290.719,2140,107,147125,274,220570,8192,65535,106,32,0,0,0,0,0,0,0,0,SSH-Patator
993,117851439,14,3,5712,2784,294,3,408.0,54.799,187,38,928.0,198.86,72.091,0.144,6932437.588,0,1904686,4596,117851439,0,0,0,0,0,0,0,0,0,0,0,280,60,0.119,0.025,47,396,468.467,336.926,168739.62,0,0,0,0,1,0,0,0,0.21,499.625,176.701,708.689,280,14,5712,3,2784,8192,-1,13,32,0,0,0,0,0,0,0,0,BENIGN
21,105260605,47,25,41783,12450,946,27,889.0,61.935,156,8,498.0,16.703,515.226,18.494,1461952.847,0,59903043,2405,105260605,0,0,0,0,0,0,0,0,0,0,0,940,500,0.447,0.238,48,536,792.259,398.603,176735.46,0,0,0,1,1,0,0,0,0.53,318.977,763.523,170.632,940,47,41783,25,12450,8192,65535,46,20,0,0,0,0,0,0,0,0,DDoS
993,86004470,19,14,26239,16198,231,12,1381.0,185.781,416,27,1157.0,133.273,493.428,0.384,2606196.061,0,53871469,936,86004470,0,0,0,0,0,0,0,0,0,0,0,380,280,0.221,0.163,2,780,145.029,461.659,249032.141,0,0,0,1,0,0,0,0,0.74,461.328,55.284,712.054,380,19,26239,14,16198,-1,229,18,32,0,0,0,0,0,0,0,0,BENIGN
445,40661622,307,298,352129,65858,595,14,1147.0,231.515,654,2,221.0,232.044,10279.644,143.587,67209.293,0,6755623,10,40661622,0,0,0,0,0,0,0,0,0,0,0,6140,5960,7.55,7.329,22,458,852.185,328.266,12513.925,0,1,0,1,1,0,0,0,0.97,252.761,678.423,193.817,6140,307,352129,298,65858,29200,-1,306,32,0,0,0,0,0,0,0,0,DoS Hulk
8080,15160308,51,10,64209,8450,113,2,1259.0,15.845,1226,6,845.0,165.204,4792.713,4.024,248529.639,0,11685435,1081,15160308,0,0,0,0,0,0,0,0,0,0,0,1020,200,3.364,0.66,26,1243,759.984,38.117,181905.964,0,0,0,1,0,0,0,0,0.2,185.94,849.729,325.203,1020,51,64209,10,8450,65535,235,50,20,0,0,0,0,0,0,0,0,BENIGN
3389,14298946,123,59,43419,62304,280,20,353.0,187.126,375,36,1056.0,214.187,7393.762,156.275,78565.637,0,8502410,2099,14298946,0,0,0,0,0,0,0,0,0,0,0,2460,1180,8.602,4.126,23,464,283.796,277.646,247009.63,0,0,0,0,0,0,0,0,0.48,52.996,851.249,460.025,2460,123,43419,59,62304,8192,229,122,20,0,0,0,0,0,0,0,0,Bot
22,112887024,136,15,123488,12675,637,36,908.0,356.202,212,37,845.0,87.05,1206.188,34.405,747596.185,0,32690025,4876,112887024,0,0,0,0,0,0,0,0,0,0,0,2720,300,1.205,0.133,49,1110,651.279,31.069,61437.564,0,1,0,0,0,0,0,0,0.11,224.814,704.656,190.242,2720,136,123488,15,12675,29200,235,135,20,0,0,0,0,0,0,0,0,Bot
8080,79438499,59,11,3658,7590,873,2,62.0,35.219,541,9,690.0,293.502,141.594,0.881,1134835.7,0,22432528,1238,79438499,0,0,0,0,0,0,0,0,0,0,0,1180,220,0.743,0.138,51,765,702.352,101.869,231224.634,0,0,0,0,1,0,0,0,0.19,897.673,720.767,452.565,1180,59,3658,11,7590,65535,235,58,20,0,0,0,0,0,0,0,0,BENIGN
53,85414718,5,12,6600,1716,882,5,1320.0,260.378,755,37,143.0,64.891,97.36,0.199,5024395.176,0,66110259,4065,85414718,0,0,0,0,0,0,0,0,0,0,0,100,240,0.059,0.14,8,591,752.449,468.566,226196.088,0,0,0,0,1,0,0,0,2.4,414.376,749.649,714.61,100,5,6600,12,1716,29200,-1,4,20,0,0,0,0,0,0,0,0,BENIGN
443,105693689,52,16,26780,8496,1243,29,515.0,224.642,1048,36,531.0,363.248,333.757,0.643,1554318.956,0,91982934,411,105693689,0,0,0,0,0,0,0,0,0,0,0,1040,320,0.492,0.151,25,1419,714.104,396.823,170714.045,0,0,0,1,1,0,0,0,0.31,389.367,114.905,601.129,1040,52,26780,16,8496,29200,65535,51,32,0,0,0,0,0,0,0,0,BENIGN
3389,65639582,310,8,82460,8104,653,29,266.0,58.332,1156,13,1013.0,33.24,1379.716,86.762,206413.78,0,26432223,3816,65639582,0,0,0,0,0,0,0,0,0,0,0,6200,160,4.723,0.122,39,126,291.233,43.988,67752.431,0,0,0,1,1,0,0,0,0.03,608.46,734.133,143.811,6200,310,82460,8,8104,-1,65535,309,20,0,0,0,0,0,0,0,0,DoS GoldenEye
3389,20254015,186,85,92814,64515,847,19,499.0,199.872,1077,38,759.0,75.779,7767.793,479.201,74738.063,0,5442993,3202,20254015,0,0,0,0,0,0,0,0,0,0,0,3720,1700,9.183,4.197,33,78,40.303,87.673,236251.234,0,1,0,1,1,0,0,0,0.46,621.568,886.688,671.732,3720,186,92814,85,64515,65535,229,185,32,0,0,0,0,0,0,0,0,SSH-Patator
53,69024883,40,21,37960,12285,781,19,949.0,264.466,1334,24,585.0,375.127,727.926,0.884,1131555.459,0,8010978,4080,69024883,0,0,0,0,0,0,0,0,0,0,0,800,420,0.58,0.304,31,804,634.761,8.997,218804.3,0,0,0,1,0,0,0,0,0.53,425.051,685.924,806.354,800,40,37960,21,12285,65535,-1,39,32,0,0,0,0,0,0,0,0,BENIGN
123,948953,60,17,20100,7208,1221,32,335.0,18.669,843,11,424.0,298.95,28776.978,81.142,12324.065,0,672658,2300,948953,0,0,0,0,0,0,0,0,0,0,0,1200,340,63.228,17.914,40,555,290.407,272.144,105175.666,0,0,0,0,1,0,0,0,0.28,732.217,621.788,367.218,1200,60,20100,17,7208,29200,235,59,32,0,0,0,0,0,0,0,0,BENIGN
23,77197080,254,24,287020,18024,1096,3,1130.0,64.86,1106,10,751.0,272.563,3951.497,129.503,277687.338,0,7180141,4810,77197080,0,0,0,0,0,0,0,0,0,0,0,5080,480,3.29,0.311,19,844,708.287,180.055,173381.396,0,1,0,0,1,0,0,0,0.09,573.816,838.121,386.646,5080,254,287020,24,18024,29200,235,253,32,0,0,0,0,0,0,0,0,DDoS
8080,63425425,18,7,8226,9205,1066,26,457.0,254.845,684,2,1315.0,60.828,274.827,0.394,2537017.0,0,50806594,4388,63425425,0,0,0,0,0,0,0,0,0,0,0,360,140,0.284,0.11,30,1414,520.521,335.302,188157.942,0,0,0,1,1,0,0,0,0.39,351.958,829.041,495.235,360,18,8226,7,9205,29200,-1,17,32,0,0,0,0,0,0,0,0,BENIGN
53,1576456,3,34,3600,22610,1273,23,1200.0,106.209,538,4,665.0,350.24,16625.9,23.47,42606.919,0,202175,4937,1576456,0,0,0,0,0,0,0,0,0,0,0,60,680,1.903,21.567,43,905,757.584,355.894,232508.639,0,0,0,0,0,0,0,0,11.33,871.873,585.162,635.134,60,3,3600,34,22610,65535,65535,2,32,0,0,0,0,0,0,0,0,BENIGN
993,67083539,52,21,39312,8820,333,34,756.0,294.264,887,18,420.0,53.426,717.493,1.088,918952.589,0,22731723,540,67083539,0,0,0,0,0,0,0,0,0,0,0,1040,420,0.775,0.313,59,906,97.439,1.554,143459.495,0,0,0,1,0,0,0,0,0.4,387.165,533.401,275.479,1040,52,39312,21,8820,8192,229,51,20,0,0,0,0,0,0,0,0,BENIGN
80,101215603,16,32,4720,19776,1368,24,295.0,351.467,308,24,618.0,244.941,242.018,0.474,2108658.396,0,36920259,551,101215603,0,0,0,0,0,0,0,0,0,0,0,320,640,0.158,0.316,49,1295,560.17,254.534,151919.878,0,0,0,1,0,0,0,0,2.0,120.702,621.368,878.349,320,16,4720,32,19776,-1,235,15,20,0,0,0,0,0,0,0,0,BENIGN
8080,9687894,8,20,3896,940,1328,8,487.0,178.749,1070,3,47.0,390.909,499.18,2.89,345996.214,0,9309873,4879,9687894,0,0,0,0,0,0,0,0,0,0,0,160,400,0.826,2.064,51,126,74.061,413.696,27636.434,0,0,0,1,0,0,0,0,2.5,581.326,332.487,324.691,160,8,3896,20,940,8192,229,7,20,0,0,0,0,0,0,0,0,BENIGN
443,108545667,37,34,3774,16864,98,32,102.0,107.223,806,4,496.0,381.808,190.132,0.654,1528812.211,0,36739890,733,108545667,0,0,0,0,0,0,0,0,0,0,0,740,680,0.341,0.313,37,290,384.12,256.043,147188.653,0,0,0,0,0,0,0,0,0.92,731.586,866.753,323.306,740,37,3774,34,16864,29200,-1,36,32,0,0,0,0,0,0,0,0,BENIGN
443,57891968,30,43,39150,41753,739,39,1305.0,75.966,865,10,971.0,113.033,1397.482,1.261,793040.658,0,13033074,626,57891968,0,0,0,0,0,0,0,0,0,0,0,600,860,0.518,0.743,47,1117,54.216,388.715,197559.436,0,0,0,1,0,0,0,0,1.43,213.009,689.769,760.672,600,30,39150,43,41753,29200,-1,29,20,0,0,0,0,0,0,0,0,BENIGN
3389,27600690,214,6,289542,7980,767,40,1353.0,65.459,1334,20,1330.0,396.587,10779.513,178.817,125457.682,0,10259186,862,27600690,0,0,0,0,0,0,0,0,0,0,0,4280,120,7.753,0.217,2,418,634.536,210.509,7346.183,0,0,0,1,0,0,0,0,0.03,131.762,172.333,708.625,4280,214,289542,6,7980,65535,65535,213,20,0,0,0,0,0,0,0,0,DDoS
123,63920167,58,8,15196,8968,554,32,262.0,155.563,764,16,1121.0,262.532,378.034,1.033,968487.379,0,62915631,1581,63920167,0,0,0,0,0,0,0,0,0,0,0,1160,160,0.907,0.125,45,629,852.969,490.276,109186.85,0,0,0,0,1,0,0,0,0.14,738.207,763.581,155.094,1160,58,15196,8,8968,-1,-1,57,20,0,0,0,0,0,0,0,0,BENIGN
8080,71305276,25,1,1450,216,128,13,58.0,355.608,1134,4,216.0,343.407,23.364,0.365,2742510.615,0,45425995,4584,71305276,0,0,0,0,0,0,0,0,0,0,0,500,20,0.351,0.014,56,1005,456.694,319.734,51430.058,0,0,0,0,0,0,0,0,0.04,818.984,369.045,129.456,500,25,1450,1,216,8192,229,24,32,0,0,0,0,0,0,0,0,BENIGN
80,78589453,59,40,85137,37600,1207,3,1443.0,344.68,386,25,940.0,260.761,1561.749,1.26,793832.859,0,32183958,3846,78589453,0,0,0,0,0,0,0,0,0,0,0,1180,800,0.751,0.509,44,1026,561.07,59.196,124492.665,0,0,0,0,1,0,0,0,0.68,641.772,727.982,804.718,1180,59,85137,40,37600,-1,65535,58,20,0,0,0,0,0,0,0,0,BENIGN
443,99536662,42,2,22512,464,41,2,536.0,186.614,863,15,232.0,376.467,230.83,0.442,2262196.864,0,29472826,362,99536662,0,0,0,0,0,0,0,0,0,0,0,840,40,0.422,0.02,59,1199,589.23,459.64,65738.758,0,0,0,1,0,0,0,0,0.05,55.671,691.124,129.282,840,42,22512,2,464,-1,229,41,20,0,0,0,0,0,0,0,0,BENIGN
123,21852975,40,32,28080,8192,821,0,702.0,28.855,100,35,256.0,259.302,1659.82,3.295,303513.542,0,2872885,4116,21852975,0,0,0,0,0,0,0,0,0,0,0,800,640,1.83,1.464,35,1329,567.014,395.91,134373.933,0,0,0,1,0,0,0,0,0.8,433.09,616.805,521.513,800,40,28080,32,8192,8192,-1,39,20,0,0,0,0,0,0,0,0,BENIGN
993,108924540,54,29,25218,8410,1371,13,467.0,268.692,266,39,290.0,390.582,308.727,0.762,1312343.855,0,73298443,4257,108924540,0,0,0,0,0,0,0,0,0,0,0,1080,580,0.496,0.266,22,1447,120.867,365.087,212432.464,0,0,0,0,0,0,0,0,0.54,356.125,300.342,695.682,1080,54,25218,29,8410,8192,65535,53,32,0,0,0,0,0,0,0,0,BENIGN
993,931994,6,4,774,1088,1458,38,129.0,85.553,829,29,272.0,393.492,1997.867,10.73,93199.4,0,640702,4706,931994,0,0,0,0,0,0,0,0,0,0,0,120,80,6.438,4.292,41,491,828.107,366.344,199138.081,0,0,0,0,0,0,0,0,0.67,656.337,66.334,625.542,120,6,774,4,1088,65535,-1,5,20,0,0,0,0,0,0,0,0,BENIGN
53,39374953,29,16,9106,8912,753,1,314.0,129.766,233,10,557.0,177.152,457.601,1.143,874998.956,0,31763550,2670,39374953,0,0,0,0,0,0,0,0,0,0,0,580,320,0.737,0.406,17,571,51.318,268.92,85178.201,0,0,0,1,1,0,0,0,0.55,41.489,703.063,245.354,580,29,9106,16,8912,29200,-1,28,20,0,0,0,0,0,0,0,0,BENIGN
3389,110788881,161,217,213164,158410,289,29,1324.0,64.446,1127,3,730.0,259.976,3353.893,54.422,293092.278,0,72263720,2006,110788881,0,0,0,0,0,0,0,0,0,0,0,3220,4340,1.453,1.959,60,894,841.0,259.414,194092.475,0,1,0,0,0,0,0,0,1.35,287.155,819.62,51.723,3220,161,213164,217,158410,29200,65535,160,20,0,0,0,0,0,0,0,0,PortScan
8080,82445861,44,10,63976,6220,548,21,1454.0,102.852,96,5,622.0,276.459,851.419,0.655,1526775.204,0,28080470,2125,82445861,0,0,0,0,0,0,0,0,0,0,0,880,200,0.534,0.121,39,1403,593.232,295.565,164028.974,0,0,0,1,0,0,0,0,0.23,301.354,94.989,97.544,880,44,63976,10,6220,-1,-1,43,32,0,0,0,0,0,0,0,0,BENIGN
21,74799420,58,252,79286,273420,961,11,1367.0,359.958,562,19,1085.0,157.913,4715.357,116.568,241288.452,0,23248967,3644,74799420,0,0,0,0,0,0,0,0,0,0,0,1160,5040,0.775,3.369,46,254,780.725,230.316,80672.979,0,1,0,0,1,0,0,0,4.34,131.655,219.63,341.648,1160,58,79286,252,273420,29200,235,57,20,0,0,0,0,0,0,0,0,Bot
22,12010559,81,300,54918,418200,334,30,678.0,38.841,157,24,1394.0,101.576,39391.838,380.532,31523.777,0,1492253,4666,12010559,0,0,0,0,0,0,0,0,0,0,0,1620,6000,6.744,24.978,37,517,93.367,147.942,67081.682,0,0,0,1,1,0,0,0,3.7,506.276,191.642,357.664,1620,81,54918,300,418200,29200,235,80,32,0,0,0,0,0,0,0,0,PortScan
8080,14961570,56,15,21224,9360,101,14,379.0,259.445,488,24,624.0,341.255,2044.17,4.745,210726.338,0,4041214,3864,14961570,0,0,0,0,0,0,0,0,0,0,0,1120,300,3.743,1.003,16,75,83.491,331.818,209106.243,0,0,0,1,0,0,0,0,0.27,65.278,416.976,139.626,1120,56,21224,15,9360,65535,65535,55,20,0,0,0,0,0,0,0,0,BENIGN
8080,65090544,31,11,15872,10032,164,7,512.0,76.316,584,23,912.0,177.567,397.969,0.645,1549774.857,0,16044387,2773,65090544,0,0,0,0,0,0,0,0,0,0,0,620,220,0.476,0.169,35,177,101.505,111.202,186055.474,0,0,0,0,1,0,0,0,0.35,91.515,411.395,88.134,620,31,15872,11,10032,8192,235,30,20,0,0,0,0,0,0,0,0,BENIGN
445,64068799,136,239,133688,73851,1332,20,983.0,39.173,614,23,309.0,27.258,3239.315,28.262,170850.131,0,47209322,3890,64068799,0,0,0,0,0,0,0,0,0,0,0,2720,4780,2.123,3.73,30,586,194.777,5.44,163242.887,0,1,0,1,0,0,0,0,1.76,630.747,67.708,597.649,2720,136,133688,239,73851,65535,229,135,32,0,0,0,0,0,0,0,0,PortScan
993,119047533,21,47,2625,37271,1372,11,125.0,279.906,72,38,793.0,183.394,335.127,0.571,1750699.015,0,97143270,671,119047533,0,0,0,0,0,0,0,0,0,0,0,420,940,0.176,0.395,28,504,771.078,142.586,243863.572,0,0,0,1,0,0,0,0,2.24,684.079,541.641,847.92,420,21,2625,47,37271,65535,-1,20,20,0,0,0,0,0,0,0,0,BENIGN
445,64989544,120,33,122040,26565,1417,13,1017.0,248.488,483,12,805.0,333.568,2286.599,50.481,424768.261,0,13549829,2538,64989544,0,0,0,0,0,0,0,0,0,0,0,2400,660,1.846,0.508,50,995,273.043,487.468,188948.11,0,1,0,1,0,0,0,0,0.28,395.228,649.68,528.984,2400,120,122040,33,26565,8192,229,119,20,0,0,0,0,0,0,0,0,PortScan
123,34607670,39,29,39468,34510,831,8,1012.0,104.429,1191,7,1190.0,109.556,2137.619,1.965,508936.324,0,27919042,1221,34607670,0,0,0,0,0,0,0,0,0,0,0,780,580,1.127,0.838,58,340,898.69,67.631,80304.594,0,0,0,0,0,0,0,0,0.74,241.507,184.051,543.606,780,39,39468,29,34510,65535,65535,38,32,0,0,0,0,0,0,0,0,BENIGN
80,88812511,15,9,8850,7875,145,27,590.0,365.91,253,1,875.0,361.586,188.318,0.27,3700521.292,0,9467003,2367,88812511,0,0,0,0,0,0,0,0,0,0,0,300,180,0.169,0.101,48,418,788.588,210.043,132345.711,0,0,0,0,1,0,0,0,0.6,423.797,469.651,496.158,300,15,8850,9,7875,29200,229,14,32,0,0,0,0,0,0,0,0,BENIGN
23,34003823,293,195,120423,284115,883,23,411.0,382.521,567,4,1457.0,280.416,11896.839,550.378,69679.965,0,3830620,3864,34003823,0,0,0,0,0,0,0,0,0,0,0,5860,3900,8.617,5.735,13,1436,322.176,460.06,111224.229,0,1,0,1,0,0,0,0,0.67,864.3,715.694,240.3,5860,293,120423,195,284115,65535,-1,292,20,0,0,0,0,0,0,0,0,FTP-Patator
993,17975642,58,47,29928,37553,776,24,516.0,265.335,787,8,799.0,399.069,3754.024,5.841,171196.59,0,7212295,2179,17975642,0,0,0,0,0,0,0,0,0,0,0,1160,940,3.227,2.615,7,133,478.5,442.281,153995.623,0,0,0,1,0,0,0,0,0.81,540.823,850.446,536.185,1160,58,29928,47,37553,29200,235,57,32,0,0,0,0,0,0,0,0,BENIGN
993,108900043,31,44,2356,62700,369,25,76.0,147.883,1328,18,1425.0,334.216,597.392,0.689,1452000.573,0,86179413,1671,108900043,0,0,0,0,0,0,0,0,0,0,0,620,880,0.285,0.404,40,569,646.21,483.161,49075.746,0,0,0,1,1,0,0,0,1.42,180.531,95.669,431.234,620,31,2356,44,62700,-1,229,30,20,0,0,0,0,0,0,0,0,BENIGN
80,55332254,47,35,28059,3465,49,11,597.0,34.312,549,0,99.0,69.435,569.722,1.482,674783.585,0,11712882,2171,55332254,0,0,0,0,0,0,0,0,0,0,0,940,700,0.849,0.633,57,544,56.613,57.114,233651.994,0,0,0,0,0,0,0,0,0.74,444.089,103.08,340.084,940,47,28059,35,3465,29200,65535,46,32,0,0,0,0,0,0,0,0,BENIGN
53,44696502,4,5,2320,1860,227,4,580.0,249.621,578,8,372.0,316.696,93.52,0.201,4966278.0,0,22055546,2799,44696502,0,0,0,0,0,0,0,0,0,0,0,80,100,0.089,0.112,32,1067,161.316,302.588,247392.583,0,0,0,0,0,0,0,0,1.25,761.484,403.624,293.824,80,4,2320,5,1860,-1,229,3,32,0,0,0,0,0,0,0,0,BENIGN
443,107641842,31,6,5394,7440,431,28,174.0,321.605,513,39,1240.0,37.329,119.229,0.344,2909238.973,0,89047403,3865,107641842,0,0,0,0,0,0,0,0,0,0,0,620,120,0.288,0.056,36,951,158.859,96.361,145623.64,0,0,0,1,0,0,0,0,0.19,247.194,262.338,404.19,620,31,5394,6,7440,29200,-1,30,20,0,0,0,0,0,0,0,0,BENIGN
445,3155031,114,262,72390,123926,1298,12,635.0,360.73,459,19,473.0,398.136,62223.16,3135.743,8391.04,0,1093819,1075,3155031,0,0,0,0,0,0,0,0,0,0,0,2280,5240,36.133,83.042,10,187,234.628,385.662,206747.861,0,0,0,1,1,0,0,0,2.3,311.291,660.223,87.865,2280,114,72390,262,123926,29200,-1,113,32,0,0,0,0,0,0,0,0,DoS Hulk
8080,31721693,10,11,13290,5962,101,12,1329.0,128.232,1077,33,542.0,347.963,606.903,0.662,1510556.81,0,23010623,3903,31721693,0,0,0,0,0,0,0,0,0,0,0,200,220,0.315,0.347,33,696,706.868,53.108,17513.444,0,0,0,1,1,0,0,0,1.1,455.834,257.237,614.937,200,10,13290,11,5962,8192,65535,9,32,0,0,0,0,0,0,0,0,BENIGN
8080,95608108,27,49,21627,55615,684,39,801.0,20.421,973,5,1135.0,254.723,807.902,0.795,1258001.421,0,37391827,1089,95608108,0,0,0,0,0,0,0,0,0,0,0,540,980,0.282,0.513,2,1201,150.899,232.934,154836.483,0,0,0,0,1,0,0,0,1.81,773.083,608.054,333.087,540,27,21627,49,55615,-1,229,26,32,0,0,0,0,0,0,0,0,BENIGN
993,96082867,48,3,5040,1887,316,33,105.0,42.62,184,20,629.0,65.593,72.094,0.531,1883977.784,0,71384436,4945,96082867,0,0,0,0,0,0,0,0,0,0,0,960,60,0.5,0.031,53,892,185.437,86.842,191240.534,0,0,0,1,1,0,0,0,0.06,351.689,806.359,433.95,960,48,5040,3,1887,-1,-1,47,32,0,0,0,0,0,0,0,0,BENIGN
443,119688146,47,24,47376,12072,1277,18,1008.0,303.505,845,12,503.0,293.597,496.691,0.593,1685748.535,0,17399368,1586,119688146,0,0,0,0,0,0,0,0,0,0,0,940,480,0.393,0.201,58,1065,132.02,406.704,84712.714,0,0,0,0,0,0,0,0,0.51,259.435,443.525,891.889,940,47,47376,24,12072,8192,235,46,32,0,0,0,0,0,0,0,0,BENIGN
22,99957800,175,96,243250,86016,514,36,1390.0,137.523,560,38,896.0,15.744,3294.05,11.231,368847.97,0,5036221,2679,99957800,0,0,0,0,0,0,0,0,0,0,0,3500,1920,1.751,0.96,14,710,744.263,132.988,91459.655,0,1,0,1,1,0,0,0,0.55,365.289,134.808,235.343,3500,175,243250,96,86016,65535,229,174,20,0,0,0,0,0,0,0,0,SSH-Patator
445,20204389,158,129,169534,178407,668,8,1073.0,95.92,728,3,1383.0,138.111,17221.06,204.331,70398.568,0,5793456,2619,20204389,0,0,0,0,0,0,0,0,0,0,0,3160,2580,7.82,6.385,56,344,777.171,477.332,218285.236,0,1,0,1,0,0,0,0,0.82,853.703,444.388,437.141,3160,158,169534,129,178407,8192,235,157,32,0,0,0,0,0,0,0,0,PortScan
3389,15884380,168,13,15456,6565,178,31,92.0,296.442,446,29,505.0,256.03,1386.33,183.013,87759.006,0,5220085,3904,15884380,0,0,0,0,0,0,0,0,0,0,0,3360,260,10.576,0.818,24,694,589.224,443.519,144180.193,0,1,0,1,1,0,0,0,0.08,675.601,342.954,826.502,3360,168,15456,13,6565,-1,65535,167,32,0,0,0,0,0,0,0,0,DoS GoldenEye
22,89326744,117,106,54522,82892,1381,36,466.0,13.954,1250,36,782.0,172.945,1538.33,56.483,400568.359,0,17581231,3516,89326744,0,0,0,0,0,0,0,0,0,0,0,2340,2120,1.31,1.187,5,436,490.365,410.206,197217.235,0,1,0,0,0,0,0,0,0.91,228.347,799.475,893.498,2340,117,54522,106,82892,65535,229,116,32,0,0,0,0,0,0,0,0,SSH-Patator
123,55943918,13,20,8554,14260,422,31,658.0,218.747,1064,0,713.0,267.377,407.801,0.59,1695270.242,0,9613659,4955,55943918,0,0,0,0,0,0,0,0,0,0,0,260,400,0.232,0.358,24,1209,814.018,82.033,4386.924,0,0,0,1,0,0,0,0,1.54,85.939,87.665,474.222,260,13,8554,20,14260,8192,65535,12,20,0,0,0,0,0,0,0,0,BENIGN
8080,19284543,10,40,9370,4080,319,38,937.0,275.028,1277,17,102.0,93.512,697.45,2.593,385690.86,0,7262311,4204,19284543,0,0,0,0,0,0,0,0,0,0,0,200,800,0.519,2.074,40,1019,86.577,386.906,200671.396,0,0,0,0,0,0,0,0,4.0,503.167,239.592,746.847,200,10,9370,40,4080,8192,229,9,20,0,0,0,0,0,0,0,0,BENIGN
993,96842601,47,7,46342,8792,482,17,986.0,334.416,909,32,1256.0,21.023,569.316,0.558,1793381.5,0,232635,3625,96842601,0,0,0,0,0,0,0,0,0,0,0,940,140,0.485,0.072,55,236,786.957,448.842,139830.853,0,0,0,0,1,0,0,0,0.15,315.143,187.574,226.145,940,47,46342,7,8792,29200,65535,46,20,0,0,0,0,0,0,0,0,BENIGN
8080,30558306,11,26,8470,33956,660,19,770.0,64.771,487,28,1306.0,33.994,1388.362,1.211,825900.162,0,6480113,4831,30558306,0,0,0,0,0,0,0,0,0,0,0,220,520,0.36,0.851,20,314,473.922,91.799,119928.172,0,0,0,1,1,0,0,0,2.36,446.838,278.298,485.919,220,11,8470,26,33956,65535,229,10,20,0,0,0,0,0,0,0,0,BENIGN
445,47215021,360,196,65520,169736,727,22,182.0,281.985,842,9,866.0,186.116,4982.652,68.497,84919.103,0,38424657,4488,47215021,0,0,0,0,0,0,0,0,0,0,0,7200,3920,7.625,4.151,0,145,770.569,364.23,88618.076,0,1,0,1,1,0,0,0,0.54,572.988,174.564,601.061,7200,360,65520,196,169736,-1,229,359,32,0,0,0,0,0,0,0,0,SSH-Patator
443,106168437,21,37,25410,52799,736,10,1210.0,219.756,864,11,1427.0,114.262,736.65,0.546,1830490.293,0,18251475,219,106168437,0,0,0,0,0,0,0,0,0,0,0,420,740,0.198,0.349,39,721,733.636,220.407,68669.972,0,0,0,1,0,0,0,0,1.76,512.132,720.898,319.585,420,21,25410,37,52799,65535,-1,20,32,0,0,0,0,0,0,0,0,BENIGN
445,81834815,312,289,178776,21386,177,23,573.0,324.162,1326,34,74.0,4.799,2445.927,118.081,136164.418,0,44609724,2358,81834815,0,0,0,0,0,0,0,0,0,0,0,6240,5780,3.813,3.532,52,1073,177.793,344.981,5439.727,0,1,0,0,0,0,0,0,0.93,166.326,236.069,89.526,6240,312,178776,289,21386,29200,-1,311,20,0,0,0,0,0,0,0,0,PortScan
80,12024815,50,9,46400,3915,1057,24,928.0,168.89,1329,11,435.0,238.797,4184.264,4.907,203810.424,0,5061617,312,12024815,0,0,0,0,0,0,0,0,0,0,0,1000,180,4.158,0.748,5,174,177.987,19.506,81952.987,0,0,0,0,0,0,0,0,0.18,438.494,132.117,209.808,1000,50,46400,9,3915,29200,229,49,32,0,0,0,0,0,0,0,0,BENIGN
23,115024567,223,166,187320,145582,1029,1,840.0,397.957,398,10,877.0,71.96,2894.182,39.317,295692.974,0,20433638,2875,115024567,0,0,0,0,0,0,0,0,0,0,0,4460,3320,1.939,1.443,40,1401,90.684,265.106,170176.629,0,1,0,0,1,0,0,0,0.74,428.364,797.982,556.869,4460,223,187320,166,145582,29200,65535,222,20,0,0,0,0,0,0,0,0,Bot
445,105558409,288,264,95328,279048,360,0,331.0,200.125,1094,0,1057.0,337.787,3546.624,45.243,191229.002,0,48581301,3392,105558409,0,0,0,0,0,0,0,0,0,0,0,5760,5280,2.728,2.501,45,1430,202.585,190.262,165673.478,0,1,0,0,1,0,0,0,0.92,312.057,363.875,271.295,5760,288,95328,264,279048,8192,-1,287,32,0,0,0,0,0,0,0,0,DDoS
123,75141860,17,39,12393,14196,1158,31,729.0,380.822,209,31,364.0,372.084,353.851,0.745,1341818.929,0,6231613,1221,75141860,0,0,0,0,0,0,0,0,0,0,0,340,780,0.226,0.519,27,229,533.062,453.606,146630.595,0,0,0,0,1,0,0,0,2.29,115.049,708.29,128.495,340,17,12393,39,14196,29200,-1,16,32,0,0,0,0,0,0,0,0,BENIGN
993,97492574,52,16,10712,15344,794,6,206.0,14.274,652,13,959.0,26.015,267.261,0.697,1433714.324,0,34647352,2276,97492574,0,0,0,0,0,0,0,0,0,0,0,1040,320,0.533,0.164,50,818,216.896,253.956,125205.04,0,0,0,1,1,0,0,0,0.31,432.346,782.684,385.081,1040,52,10712,16,15344,65535,-1,51,20,0,0,0,0,0,0,0,0,BENIGN
123,19447569,52,43,33488,6407,1147,8,644.0,140.649,811,15,149.0,103.885,2051.413,4.885,204711.253,0,16991392,272,19447569,0,0,0,0,0,0,0,0,0,0,0,1040,860,2.674,2.211,28,1038,61.988,40.894,197770.504,0,0,0,0,0,0,0,0,0.83,439.519,443.365,658.079,1040,52,33488,43,6407,29200,235,51,20,0,0,0,0,0,0,0,0,BENIGN
443,86598669,53,48,15105,65328,1064,16,285.0,134.537,375,14,1361.0,189.557,928.802,1.166,857412.564,0,30042805,2049,86598669,0,0,0,0,0,0,0,0,0,0,0,1060,960,0.612,0.554,16,184,230.194,453.218,153215.752,0,0,0,1,0,0,0,0,0.91,498.344,775.157,421.447,1060,53,15105,48,65328,-1,65535,52,32,0,0,0,0,0,0,0,0,BENIGN
993,91535878,4,47,3300,24205,988,30,825.0,329.167,441,16,515.0,64.199,300.483,0.557,1794821.137,0,16070690,4539,91535878,0,0,0,0,0,0,0,0,0,0,0,80,940,0.044,0.513,20,889,804.917,457.467,224720.336,0,0,0,1,1,0,0,0,11.75,842.573,524.369,125.064,80,4,3300,47,24205,65535,235,3,20,0,0,0,0,0,0,0,0,BENIGN
8080,12797433,24,24,6456,7848,1232,18,269.0,386.726,828,36,327.0,218.993,1117.724,3.751,266613.188,0,5265616,234,12797433,0,0,0,0,0,0,0,0,0,0,0,480,480,1.875,1.875,20,478,434.139,478.384,113812.206,0,0,0,1,1,0,0,0,1.0,453.413,839.42,210.099,480,24,6456,24,7848,8192,235,23,20,0,0,0,0,0,0,0,0,BENIGN
80,40303069,19,45,10260,55845,901,0,540.0,83.854,185,13,1241.0,205.967,1640.198,1.588,629735.453,0,7929749,1943,40303069,0,0,0,0,0,0,0,0,0,0,0,380,900,0.471,1.117,42,286,628.443,463.336,248029.473,0,0,0,1,0,0,0,0,2.37,82.347,406.83,873.396,380,19,10260,45,55845,29200,-1,18,32,0,0,0,0,0,0,0,0,BENIGN
123,95311081,38,34,15580,2244,455,11,410.0,362.464,499,6,66.0,84.228,187.009,0.755,1323765.014,0,16324405,2190,95311081,0,0,0,0,0,0,0,0,0,0,0,760,680,0.399,0.357,37,1115,862.5,337.411,96038.18,0,0,0,0,0,0,0,0,0.89,553.043,640.005,405.033,760,38,15580,34,2244,29200,229,37,32,0,0,0,0,0,0,0,0,BENIGN
123,88828433,2,1,302,915,1128,24,151.0,64.45,788,35,915.0,53.359,13.701,0.034,29609477.667,0,49669489,2089,88828433,0,0,0,0,0,0,0,0,0,0,0,40,20,0.023,0.011,34,350,179.812,75.834,27599.31,0,0,0,0,0,0,0,0,0.5,305.985,527.714,122.619,40,2,302,1,915,65535,65535,1,32,0,0,0,0,0,0,0,0,BENIGN
443,2029169,47,3,24581,2715,524,0,523.0,96.765,771,15,905.0,309.44,13451.812,24.641,40583.38,0,1750770,3911,2029169,0,0,0,0,0,0,0,0,0,0,0,940,60,23.162,1.478,37,853,409.246,238.184,10392.705,0,0,0,1,0,0,0,0,0.06,889.502,245.402,72.348,940,47,24581,3,2715,8192,229,46,20,0,0,0,0,0,0,0,0,BENIGN
21,103881925,170,45,124610,61560,191,32,733.0,311.592,955,15,1368.0,274.449,1792.131,10.34,483171.744,0,23095409,2501,103881925,0,0,0,0,0,0,0,0,0,0,0,3400,900,1.636,0.433,27,724,841.103,53.082,128386.698,0,0,0,1,0,0,0,0,0.26,145.283,768.846,597.306,3400,170,124610,45,61560,8192,-1,169,32,0,0,0,0,0,0,0,0,FTP-Patator
23,6411868,53,266,22843,288610,1411,13,431.0,173.32,1394,29,1085.0,36.583,48574.456,864.099,20099.9,0,3918153,29,6411868,0,0,0,0,0,0,0,0,0,0,0,1060,5320,8.266,41.486,44,516,609.202,50.486,101988.008,0,1,0,1,1,0,0,0,5.02,328.073,268.945,616.772,1060,53,22843,266,288610,8192,-1,52,32,0,0,0,0,0,0,0,0,DoS GoldenEye
80,57808816,5,9,1065,1656,1152,12,213.0,396.243,1327,6,184.0,152.974,47.069,0.242,4129201.143,0,45664085,4001,57808816,0,0,0,0,0,0,0,0,0,0,0,100,180,0.086,0.156,16,457,125.31,462.46,140680.082,0,0,0,1,1,0,0,0,1.8,94.578,546.811,806.997,100,5,1065,9,1656,8192,229,4,20,0,0,0,0,0,0,0,0,BENIGN
123,17052977,43,43,3913,17974,132,4,91.0,45.155,699,15,418.0,21.503,1283.471,5.043,198290.43,0,9001059,2850,17052977,0,0,0,0,0,0,0,0,0,0,0,860,860,2.522,2.522,10,811,389.718,413.747,40450.094,0,0,0,1,1,0,0,0,1.0,194.499,153.54,507.753,860,43,3913,43,17974,65535,229,42,20,0,0,0,0,0,0,0,0,BENIGN
80,34987746,46,7,12650,5733,1415,14,275.0,1.449,126,22,819.0,33.683,525.413,1.515,660146.151,0,20537570,4834,34987746,0,0,0,0,0,0,0,0,0,0,0,920,140,1.315,0.2,20,1204,783.995,294.113,242337.344,0,0,0,1,0,0,0,0,0.15,486.115,455.351,330.155,920,46,12650,7,5733,29200,235,45,20,0,0,0,0,0,0,0,0,BENIGN
8080,88520141,33,8,35343,680,920,38,1071.0,74.175,1129,18,85.0,110.316,406.947,0.463,2159027.829,0,84339785,3652,88520141,0,0,0,0,0,0,0,0,0,0,0,660,160,0.373,0.09,49,827,484.958,124.481,231401.49,0,0,0,1,1,0,0,0,0.24,292.043,753.817,67.384,660,33,35343,8,680,29200,65535,32,32,0,0,0,0,0,0,0,0,BENIGN
8080,28577315,47,28,36331,18676,776,5,773.0,301.885,1379,13,667.0,330.413,1924.848,2.624,381030.867,0,26319835,3540,28577315,0,0,0,0,0,0,0,0,0,0,0,940,560,1.645,0.98,41,1444,259.996,183.224,4189.816,0,0,0,1,0,0,0,0,0.6,350.128,67.832,867.303,940,47,36331,28,18676,29200,229,46,32,0,0,0,0,0,0,0,0,BENIGN
80,14571537,47,50,19740,51900,796,12,420.0,107.943,1037,2,1038.0,284.824,4916.434,6.657,150222.031,0,5685589,3441,14571537,0,0,0,0,0,0,0,0,0,0,0,940,1000,3.225,3.431,55,959,288.173,77.693,38478.464,0,0,0,0,0,0,0,0,1.06,342.912,92.173,620.214,940,47,19740,50,51900,8192,235,46,20,0,0,0,0,0,0,0,0,BENIGN
443,119551671,4,27,3632,11691,807,32,908.0,47.735,596,28,433.0,204.204,128.171,0.259,3856505.516,0,79896399,2091,119551671,0,0,0,0,0,0,0,0,0,0,0,80,540,0.033,0.226,1,862,375.448,189.641,2769.58,0,0,0,0,1,0,0,0,6.75,694.673,326.34,624.439,80,4,3632,27,11691,8192,229,3,20,0,0,0,0,0,0,0,0,BENIGN
443,76868110,40,14,25640,3374,532,14,641.0,188.516,1216,20,241.0,48.513,377.452,0.703,1423483.519,0,76722616,2665,76868110,0,0,0,0,0,0,0,0,0,0,0,800,280,0.52,0.182,33,1379,771.348,45.004,115054.772,0,0,0,0,0,0,0,0,0.35,418.837,894.13,827.028,800,40,25640,14,3374,-1,229,39,20,0,0,0,0,0,0,0,0,BENIGN
53,53612479,16,41,14480,22058,1242,15,905.0,150.883,117,33,538.0,318.56,681.52,1.063,940569.807,0,20385412,2205,53612479,0,0,0,0,0,0,0,0,0,0,0,320,820,0.298,0.765,30,1041,442.31,6.808,165846.581,0,0,0,0,1,0,0,0,2.56,555.16,190.663,555.307,320,16,14480,41,22058,65535,65535,15,20,0,0,0,0,0,0,0,0,BENIGN
53,14039644,17,48,15997,10848,985,13,941.0,277.263,178,5,226.0,361.998,1912.086,4.63,215994.523,0,3084015,3022,14039644,0,0,0,0,0,0,0,0,0,0,0,340,960,1.211,3.419,0,945,392.894,227.781,229779.2,0,0,0,1,1,0,0,0,2.82,884.37,185.535,479.117,340,17,15997,48,10848,65535,-1,16,32,0,0,0,0,0,0,0,0,BENIGN
53,72620354,14,14,11662,10808,1272,39,833.0,223.705,601,18,772.0,304.587,309.417,0.386,2593584.071,0,49577908,937,72620354,0,0,0,0,0,0,0,0,0,0,0,280,280,0.193,0.193,23,1404,886.446,320.851,34389.012,0,0,0,1,0,0,0,0,1.0,178.802,59.492,812.484,280,14,11662,14,10808,8192,65535,13,20,0,0,0,0,0,0,0,0,BENIGN
23,88916623,102,272,97308,211616,392,29,954.0,65.839,807,3,778.0,11.504,3474.311,73.289,237744.981,0,29489091,2627,88916623,0,0,0,0,0,0,0,0,0,0,0,2040,5440,1.147,3.059,43,882,621.101,248.51,118085.73,0,1,0,0,0,0,0,0,2.67,594.907,636.706,262.495,2040,102,97308,272,211616,8192,229,101,32,0,0,0,0,0,0,0,0,DDoS
443,17986762,46,30,59892,8010,600,19,1302.0,120.405,451,34,267.0,389.417,3775.11,4.225,236667.921,0,7455413,3625,17986762,0,0,0,0,0,0,0,0,0,0,0,920,600,2.557,1.668,47,714,527.35,376.561,91003.851,0,0,0,0,1,0,0,0,0.65,747.054,601.428,131.586,920,46,59892,30,8010,-1,229,45,32,0,0,0,0,0,0,0,0,BENIGN
123,9423746,12,33,1044,2376,510,28,87.0,34.772,1450,29,72.0,213.094,362.913,4.775,209416.578,0,3061384,1663,9423746,0,0,0,0,0,0,0,0,0,0,0,240,660,1.273,3.502,20,1359,331.388,13.017,84143.28,0,0,0,0,0,0,0,0,2.75,59.323,658.792,83.513,240,12,1044,33,2376,29200,235,11,32,0,0,0,0,0,0,0,0,BENIGN
53,11727573,56,13,52696,16562,1172,0,941.0,324.277,626,14,1274.0,123.159,5905.57,5.884,169964.826,0,11093961,4523,11727573,0,0,0,0,0,0,0,0,0,0,0,1120,260,4.775,1.108,30,1314,556.574,441.69,95463.735,0,0,0,1,1,0,0,0,0.23,716.017,432.104,209.168,1120,56,52696,13,16562,8192,235,55,32,0,0,0,0,0,0,0,0,BENIGN
8080,111566524,33,15,10296,9975,133,14,312.0,37.99,940,23,665.0,184.599,181.694,0.43,2324302.583,0,46700001,4106,111566524,0,0,0,0,0,0,0,0,0,0,0,660,300,0.296,0.134,31,114,576.803,382.999,199222.108,0,0,0,1,1,0,0,0,0.45,220.372,338.794,669.685,660,33,10296,15,9975,65535,229,32,20,0,0,0,0,0,0,0,0,BENIGN
993,24771588,31,32,14539,14240,549,22,469.0,228.435,233,16,445.0,110.386,1161.775,2.543,393199.81,0,21327538,992,24771588,0,0,0,0,0,0,0,0,0,0,0,620,640,1.251,1.292,30,637,364.117,289.323,54436.776,0,0,0,0,1,0,0,0,1.03,790.198,300.282,722.085,620,31,14539,32,14240,8192,229,30,20,0,0,0,0,0,0,0,0,BENIGN
8080,115798943,7,50,9996,46550,934,27,1428.0,75.638,246,9,931.0,164.778,488.312,0.492,2031560.404,0,68392084,1221,115798943,0,0,0,0,0,0,0,0,0,0,0,140,1000,0.06,0.432,20,512,594.177,217.003,69395.777,0,0,0,0,0,0,0,0,7.14,660.848,763.074,178.676,140,7,9996,50,46550,8192,65535,6,32,0,0,0,0,0,0,0,0,BENIGN
993,2244381,60,12,56940,1416,1207,6,949.0,215.162,485,19,118.0,252.168,26000.933,32.08,31171.958,0,957399,4692,2244381,0,0,0,0,0,0,0,0,0,0,0,1200,240,26.733,5.347,11,1387,338.212,52.152,201727.864,0,0,0,1,0,0,0,0,0.2,171.913,513.588,670.438,1200,60,56940,12,1416,-1,-1,59,20,0,0,0,0,0,0,0,0,BENIGN
23,27625583,44,130,24508,28080,552,0,557.0,120.049,985,14,216.0,148.618,1903.598,75.518,158767.718,0,26457316,3387,27625583,0,0,0,0,0,0,0,0,0,0,0,880,2600,1.593,4.706,7,517,782.488,57.222,187420.948,0,1,0,0,1,0,0,0,2.95,896.386,219.751,71.534,880,44,24508,130,28080,65535,65535,43,32,0,0,0,0,0,0,0,0,PortScan
8080,9755838,40,32,37680,45632,1237,33,942.0,332.329,1014,17,1426.0,71.266,8539.707,7.38,135497.75,0,6816781,3339,9755838,0,0,0,0,0,0,0,0,0,0,0,800,640,4.1,3.28,13,1413,82.228,107.854,238199.447,0,0,0,0,0,0,0,0,0.8,108.673,357.292,797.34,800,40,37680,32,45632,-1,-1,39,32,0,0,0,0,0,0,0,0,BENIGN
53,84831313,11,12,11022,3696,928,40,1002.0,291.328,458,9,308.0,257.046,173.497,0.271,3688317.957,0,344101,2427,84831313,0,0,0,0,0,0,0,0,0,0,0,220,240,0.13,0.141,1,842,419.797,162.495,149301.611,0,0,0,0,1,0,0,0,1.09,150.226,616.5,286.759,220,11,11022,12,3696,29200,235,10,20,0,0,0,0,0,0,0,0,BENIGN
21,98131027,329,34,214508,3094,407,39,652.0,157.982,1066,26,91.0,358.055,2217.464,116.935,270333.408,0,15809738,4282,98131027,0,0,0,0,0,0,0,0,0,0,0,6580,680,3.353,0.346,29,674,458.916,221.966,26679.938,0,0,0,0,1,0,0,0,0.1,316.724,595.778,756.011,6580,329,214508,34,3094,65535,235,328,20,0,0,0,0,0,0,0,0,FTP-Patator
3389,60258498,135,103,47790,97026,605,23,354.0,61.059,1103,10,942.0,170.151,2403.246,66.397,253186.966,0,18307211,1950,60258498,0,0,0,0,0,0,0,0,0,0,0,2700,2060,2.24,1.709,7,1208,54.328,40.867,153472.648,0,1,0,1,1,0,0,0,0.76,650.894,94.237,834.755,2700,135,47790,103,97026,-1,65535,134,32,0,0,0,0,0,0,0,0,FTP-Patator
8080,2594854,52,24,40820,7176,221,1,785.0,10.838,1071,14,299.0,255.325,18496.609,29.289,34142.816,0,379721,4528,2594854,0,0,0,0,0,0,0,0,0,0,0,1040,480,20.04,9.249,12,1297,485.188,68.475,205283.374,0,0,0,1,1,0,0,0,0.46,256.615,247.244,762.044,1040,52,40820,24,7176,-1,-1,51,32,0,0,0,0,0,0,0,0,BENIGN
80,7838481,56,7,13720,6412,1211,13,245.0,235.043,608,31,916.0,115.761,2568.355,8.037,124420.333,0,4818672,3580,7838481,0,0,0,0,0,0,0,0,0,0,0,1120,140,7.144,0.893,1,636,432.483,162.671,137611.989,0,0,0,0,0,0,0,0,0.12,729.014,466.349,236.832,1120,56,13720,7,6412,-1,235,55,32,0,0,0,0,0,0,0,0,BENIGN
123,50179702,16,26,17440,15600,1265,15,1090.0,396.087,992,16,600.0,378.453,658.434,0.837,1194754.81,0,41064658,1671,50179702,0,0,0,0,0,0,0,0,0,0,0,320,520,0.319,0.518,8,1181,597.002,404.845,139507.685,0,0,0,1,0,0,0,0,1.62,782.448,190.891,262.837,320,16,17440,26,15600,8192,65535,15,32,0,0,0,0,0,0,0,0,BENIGN
3389,87330898,50,153,69650,38709,1447,26,1393.0,17.25,431,25,253.0,156.415,1240.787,20.941,430201.468,0,57019864,1603,87330898,0,0,0,0,0,0,0,0,0,0,0,1000,3060,0.573,1.752,23,1425,638.718,370.217,162553.661,0,1,0,1,1,0,0,0,3.06,201.612,856.508,869.785,1000,50,69650,153,38709,29200,65535,49,20,0,0,0,0,0,0,0,0,Bot
21,91673508,381,38,450723,14934,980,30,1183.0,132.973,1271,23,393.0,393.553,5079.515,153.885,218791.189,0,24689193,4471,91673508,0,0,0,0,0,0,0,0,0,0,0,7620,760,4.156,0.415,42,422,186.458,77.835,141998.085,0,1,0,0,1,0,0,0,0.1,491.169,163.429,513.772,7620,381,450723,38,14934,29200,235,380,32,0,0,0,0,0,0,0,0,DoS Hulk
445,52992273,7,222,3430,181596,1332,24,490.0,314.544,232,14,818.0,161.264,3491.566,85.222,231407.306,0,16139380,198,52992273,0,0,0,0,0,0,0,0,0,0,0,140,4440,0.132,4.189,37,263,437.328,209.756,166691.215,0,1,0,1,1,0,0,0,31.71,223.121,90.301,533.553,140,7,3430,222,181596,-1,-1,6,20,0,0,0,0,0,0,0,0,SSH-Patator
443,108661527,57,44,58881,51260,856,9,1033.0,358.023,987,17,1165.0,138.288,1013.615,0.929,1075856.703,0,21574345,1567,108661527,0,0,0,0,0,0,0,0,0,0,0,1140,880,0.525,0.405,5,1233,715.95,331.819,83963.609,0,0,0,0,1,0,0,0,0.77,738.717,527.409,320.465,1140,57,58881,44,51260,29200,-1,56,20,0,0,0,0,0,0,0,0,BENIGN
53,94808812,48,41,27456,57236,920,33,572.0,178.178,985,29,1396.0,303.857,893.292,0.939,1065267.551,0,42641758,899,94808812,0,0,0,0,0,0,0,0,0,0,0,960,820,0.506,0.432,44,1329,190.725,56.68,185725.696,0,0,0,0,0,0,0,0,0.85,156.738,463.983,327.531,960,48,27456,41,57236,29200,65535,47,32,0,0,0,0,0,0,0,0,BENIGN
8080,84787630,54,11,8532,4367,195,4,158.0,181.02,76,30,397.0,297.304,152.133,0.767,1304425.077,0,67670637,705,84787630,0,0,0,0,0,0,0,0,0,0,0,1080,220,0.637,0.13,26,535,770.8,389.885,146571.739,0,0,0,1,0,0,0,0,0.2,302.162,462.675,379.768,1080,54,8532,11,4367,-1,235,53,20,0,0,0,0,0,0,0,0,BENIGN
80,57870272,13,14,9451,896,232,3,727.0,341.293,1043,31,64.0,386.441,178.796,0.467,2143343.407,0,56166919,808,57870272,0,0,0,0,0,0,0,0,0,0,0,260,280,0.225,0.242,37,835,539.15,6.266,95881.912,0,0,0,1,1,0,0,0,1.08,573.808,96.312,506.377,260,13,9451,14,896,65535,-1,12,32,0,0,0,0,0,0,0,0,BENIGN
22,88395018,53,254,49025,272542,1267,30,925.0,348.401,662,2,1073.0,242.259,3637.841,85.891,287931.655,0,56541541,4884,88395018,0,0,0,0,0,0,0,0,0,0,0,1060,5080,0.6,2.873,17,1428,831.265,413.043,223782.651,0,1,0,1,1,0,0,0,4.79,129.009,580.638,558.873,1060,53,49025,254,272542,-1,235,52,32,0,0,0,0,0,0,0,0,FTP-Patator
445,110838343,291,204,348909,283764,1171,40,1199.0,290.725,339,39,1391.0,293.468,5708.07,13.876,223915.844,0,40795791,4369,110838343,0,0,0,0,0,0,0,0,0,0,0,5820,4080,2.625,1.841,2,652,854.375,6.961,80096.036,0,0,0,0,0,0,0,0,0.7,66.564,597.438,728.275,5820,291,348909,204,283764,8192,65535,290,20,0,0,0,0,0,0,0,0,SSH-Patator
123,70972873,39,49,27534,63602,330,6,706.0,98.881,1096,24,1298.0,380.699,1284.096,1.24,806509.92,0,20608407,3672,70972873,0,0,0,0,0,0,0,0,0,0,0,780,980,0.55,0.69,11,1203,867.391,144.448,92672.374,0,0,0,1,1,0,0,0,1.26,85.078,145.075,760.961,780,39,27534,49,63602,-1,65535,38,20,0,0,0,0,0,0,0,0,BENIGN
123,9543887,10,24,3140,15864,122,37,314.0,351.27,981,32,661.0,300.363,1991.222,3.562,280702.559,0,8173825,989,9543887,0,0,0,0,0,0,0,0,0,0,0,200,480,1.048,2.515,13,375,736.919,114.557,250.291,0,0,0,0,1,0,0,0,2.4,812.571,196.466,416.703,200,10,3140,24,15864,29200,229,9,20,0,0,0,0,0,0,0,0,BENIGN
123,91737390,26,43,8762,61275,957,17,337.0,322.326,1278,34,1425.0,73.383,763.451,0.752,1329527.391,0,82497335,3047,91737390,0,0,0,0,0,0,0,0,0,0,0,520,860,0.283,0.469,56,371,248.364,348.617,168298.805,0,0,0,0,0,0,0,0,1.65,709.428,699.041,303.449,520,26,8762,43,61275,-1,235,25,32,0,0,0,0,0,0,0,0,BENIGN
53,72529117,11,28,2838,6440,863,11,258.0,64.746,190,0,230.0,36.527,127.921,0.538,1859720.949,0,53852428,683,72529117,0,0,0,0,0,0,0,0,0,0,0,220,560,0.152,0.386,8,565,430.2,26.35,235861.144,0,0,0,0,1,0,0,0,2.55,66.729,332.961,248.167,220,11,2838,28,6440,65535,235,10,32,0,0,0,0,0,0,0,0,BENIGN
53,93871032,55,8,45540,1416,897,18,828.0,116.79,280,13,177.0,174.698,500.218,0.671,1490016.381,0,59638256,2313,93871032,0,0,0,0,0,0,0,0,0,0,0,1100,160,0.586,0.085,12,1367,724.075,151.842,155626.628,0,0,0,0,0,0,0,0,0.15,426.698,527.473,781.759,1100,55,45540,8,1416,29200,65535,54,32,0,0,0,0,0,0,0,0,BENIGN
123,31091995,33,44,44616,15840,925,12,1352.0,396.256,1025,24,360.0,334.331,1944.423,2.477,403792.143,0,29934091,2809,31091995,0,0,0,0,0,0,0,0,0,0,0,660,880,1.061,1.415,24,1373,146.221,318.277,185102.085,0,0,0,0,1,0,0,0,1.33,304.63,482.868,287.48,660,33,44616,44,15840,65535,65535,32,32,0,0,0,0,0,0,0,0,BENIGN
123,103990716,60,37,61080,47841,324,11,1018.0,368.435,1351,32,1293.0,348.997,1047.411,0.933,1072069.237,0,55478314,204,103990716,0,0,0,0,0,0,0,0,0,0,0,1200,740,0.577,0.356,17,1158,744.756,187.11,207173.832,0,0,0,1,0,0,0,0,0.62,687.159,442.864,393.551,1200,60,61080,37,47841,8192,-1,59,20,0,0,0,0,0,0,0,0,BENIGN
53,29700111,20,24,9100,21336,1220,29,455.0,253.287,788,24,889.0,42.973,1024.777,1.481,675002.523,0,2309248,2527,29700111,0,0,0,0,0,0,0,0,0,0,0,400,480,0.673,0.808,33,295,541.571,223.612,245613.593,0,0,0,1,1,0,0,0,1.2,530.526,584.162,246.28,400,20,9100,24,21336,65535,235,19,32,0,0,0,0,0,0,0,0,BENIGN
123,66246876,47,28,5452,29764,1086,13,116.0,264.62,365,3,1063.0,138.327,531.587,1.132,883291.68,0,52510889,644,66246876,0,0,0,0,0,0,0,0,0,0,0,940,560,0.709,0.423,56,501,243.293,390.146,110408.047,0,0,0,0,1,0,0,0,0.6,76.598,96.928,614.088,940,47,5452,28,29764,-1,65535,46,20,0,0,0,0,0,0,0,0,BENIGN
443,110052546,48,19,37440,3363,1173,20,780.0,261.734,499,7,177.0,17.538,370.759,0.609,1642575.313,0,65376424,2661,110052546,0,0,0,0,0,0,0,0,0,0,0,960,380,0.436,0.173,2,885,577.949,139.589,111420.738,0,0,0,1,0,0,0,0,0.4,199.9,196.038,741.466,960,48,37440,19,3363,65535,235,47,20,0,0,0,0,0,0,0,0,BENIGN
443,87784075,52,25,61880,4325,661,23,1190.0,268.871,1130,15,173.0,255.493,754.18,0.877,1140052.922,0,13443308,4545,87784075,0,0,0,0,0,0,0,0,0,0,0,1040,500,0.592,0.285,21,846,238.365,421.554,3222.855,0,0,0,1,1,0,0,0,0.48,713.024,658.184,299.304,1040,52,61880,25,4325,8192,229,51,32,0,0,0,0,0,0,0,0,BENIGN
445,85040057,180,287,183240,348131,209,0,1018.0,230.127,100,37,1213.0,218.109,6248.479,85.293,182098.623,0,52113367,2580,85040057,0,0,0,0,0,0,0,0,0,0,0,3600,5740,2.117,3.375,31,486,414.343,324.362,149513.98,0,1,0,1,0,0,0,0,1.59,703.223,227.577,445.767,3600,180,183240,287,348131,-1,235,179,32,0,0,0,0,0,0,0,0,SSH-Patator
993,18378927,41,48,38827,63264,461,18,947.0,214.055,1264,11,1318.0,291.512,5554.786,4.843,206504.798,0,6634979,2545,18378927,0,0,0,0,0,0,0,0,0,0,0,820,960,2.231,2.612,25,762,59.296,148.395,228854.82,0,0,0,0,0,0,0,0,1.17,188.742,669.224,140.42,820,41,38827,48,63264,8192,-1,40,32,0,0,0,0,0,0,0,0,BENIGN
21,69121291,212,138,287260,133998,1429,35,1355.0,137.443,1388,0,971.0,88.902,6094.475,190.684,197489.403,0,30793231,2629,69121291,0,0,0,0,0,0,0,0,0,0,0,4240,2760,3.067,1.996,49,466,725.864,131.481,85551.702,0,0,0,1,1,0,0,0,0.65,51.657,813.732,274.192,4240,212,287260,138,133998,8192,235,211,20,0,0,0,0,0,0,0,0,SSH-Patator
80,16046645,33,11,30162,6072,1224,28,914.0,199.528,789,33,552.0,206.926,2258.042,2.742,364696.477,0,13775188,348,16046645,0,0,0,0,0,0,0,0,0,0,0,660,220,2.057,0.686,21,921,829.474,395.635,140441.252,0,0,0,1,1,0,0,0,0.33,323.435,155.334,801.57,660,33,30162,11,6072,-1,229,32,20,0,0,0,0,0,0,0,0,BENIGN
443,4509719,13,44,14456,23188,1136,31,1112.0,140.218,1060,23,527.0,266.111,8347.305,12.639,79117.877,0,1613352,1889,4509719,0,0,0,0,0,0,0,0,0,0,0,260,880,2.883,9.757,27,1120,884.962,93.836,177758.56,0,0,0,0,0,0,0,0,3.38,275.768,141.246,168.064,260,13,14456,44,23188,8192,-1,12,20,0,0,0,0,0,0,0,0,BENIGN
8080,16987815,20,13,24660,9412,201,30,1233.0,135.175,855,13,724.0,383.018,2005.673,1.943,514782.273,0,11538222,163,16987815,0,0,0,0,0,0,0,0,0,0,0,400,260,1.177,0.765,31,1060,212.248,272.897,235305.875,0,0,0,1,0,0,0,0,0.65,705.824,684.448,556.673,400,20,24660,13,9412,-1,235,19,20,0,0,0,0,0,0,0,0,BENIGN
22,105167665,287,162,223860,233604,1147,2,780.0,118.828,1320,24,1442.0,322.223,4349.854,21.222,234226.425,0,62127210,3863,105167665,0,0,0,0,0,0,0,0,0,0,0,5740,3240,2.729,1.54,17,761,298.992,272.56,6304.27,0,1,0,0,0,0,0,0,0.56,778.929,622.482,405.564,5740,287,223860,162,233604,-1,-1,286,20,0,0,0,0,0,0,0,0,FTP-Patator
21,70697804,250,224,314500,312032,99,26,1258.0,369.351,594,33,1393.0,16.451,8862.114,220.977,149151.485,0,18345243,3779,70697804,0,0,0,0,0,0,0,0,0,0,0,5000,4480,3.536,3.168,13,489,249.081,13.947,158969.31,0,1,0,0,1,0,0,0,0.9,458.581,351.2,812.257,5000,250,314500,224,312032,65535,65535,249,20,0,0,0,0,0,0,0,0,FTP-Patator
993,14009757,32,37,4032,32153,318,31,126.0,308.449,398,9,869.0,311.012,2582.843,4.925,203039.957,0,6777380,1076,14009757,0,0,0,0,0,0,0,0,0,0,0,640,740,2.284,2.641,32,920,279.088,42.502,28815.095,0,0,0,0,1,0,0,0,1.16,805.433,479.859,480.849,640,32,4032,37,32153,8192,229,31,20,0,0,0,0,0,0,0,0,BENIGN
22,31048523,161,116,47173,15776,229,30,293.0,193.743,1384,13,136.0,303.422,2027.439,159.606,112088.531,0,10120748,1688,31048523,0,0,0,0,0,0,0,0,0,0,0,3220,2320,5.185,3.736,9,1196,625.948,231.881,117559.143,0,1,0,1,0,0,0,0,0.72,881.017,141.751,220.743,3220,161,47173,116,15776,-1,-1,160,32,0,0,0,0,0,0,0,0,SSH-Patator
993,69249781,38,35,13034,50400,137,17,343.0,235.513,1051,36,1440.0,302.741,916.017,1.054,948627.137,0,7194663,1056,69249781,0,0,0,0,0,0,0,0,0,0,0,760,700,0.549,0.505,21,932,580.318,33.47,60039.585,0,0,0,1,1,0,0,0,0.92,166.772,264.66,295.845,760,38,13034,35,50400,-1,65535,37,20,0,0,0,0,0,0,0,0,BENIGN
123,15308340,26,31,24934,12338,285,23,959.0,14.762,1197,0,398.0,60.533,2434.751,3.723,268567.368,0,861729,2342,15308340,0,0,0,0,0,0,0,0,0,0,0,520,620,1.698,2.025,55,1012,619.269,454.899,227137.686,0,0,0,0,0,0,0,0,1.19,425.548,749.969,792.385,520,26,24934,31,12338,65535,65535,25,32,0,0,0,0,0,0,0,0,BENIGN
445,24992048,188,58,141940,72790,337,3,755.0,169.851,481,4,1255.0,289.823,8591.933,325.443,101593.691,0,14934432,4751,24992048,0,0,0,0,0,0,0,0,0,0,0,3760,1160,7.522,2.321,30,1322,152.112,347.962,1963.793,0,1,0,0,0,0,0,0,0.31,417.984,226.932,808.302,3760,188,141940,58,72790,-1,65535,187,20,0,0,0,0,0,0,0,0,SSH-Patator
80,44378308,47,4,33370,5124,266,16,710.0,164.171,1316,11,1281.0,255.265,867.406,1.149,870162.902,0,22990047,277,44378308,0,0,0,0,0,0,0,0,0,0,0,940,80,1.059,0.09,28,314,316.953,102.638,215918.046,0,0,0,1,0,0,0,0,0.09,259.011,543.867,277.054,940,47,33370,4,5124,8192,235,46,32,0,0,0,0,0,0,0,0,BENIGN
443,28547740,59,38,22302,47234,949,8,378.0,350.565,720,11,1243.0,158.04,2435.78,3.398,294306.598,0,25489609,2498,28547740,0,0,0,0,0,0,0,0,0,0,0,1180,760,2.067,1.331,25,1032,883.452,77.384,91277.176,0,0,0,1,0,0,0,0,0.64,750.651,594.378,191.623,1180,59,22302,38,47234,29200,229,58,32,0,0,0,0,0,0,0,0,BENIGN
123,110852708,9,8,6984,7864,1118,38,776.0,82.748,402,21,983.0,393.911,133.944,0.153,6520747.529,0,103329373,4451,110852708,0,0,0,0,0,0,0,0,0,0,0,180,160,0.081,0.072,16,64,619.354,373.782,46613.28,0,0,0,0,1,0,0,0,0.89,221.993,747.658,513.016,180,9,6984,8,7864,29200,229,8,32,0,0,0,0,0,0,0,0,BENIGN
993,105663053,23,43,3473,51514,1387,7,151.0,229.062,86,10,1198.0,226.531,520.4,0.625,1600955.348,0,70908946,640,105663053,0,0,0,0,0,0,0,0,0,0,0,460,860,0.218,0.407,52,1348,543.741,214.848,60535.449,0,0,0,1,1,0,0,0,1.87,79.542,884.439,260.219,460,23,3473,43,51514,-1,65535,22,32,0,0,0,0,0,0,0,0,BENIGN
123,74225622,20,45,4920,20115,1356,20,246.0,112.84,598,39,447.0,34.697,337.282,0.876,1141932.646,0,5824030,695,74225622,0,0,0,0,0,0,0,0,0,0,0,400,900,0.269,0.606,39,842,340.935,93.353,109001.389,0,0,0,0,1,0,0,0,2.25,577.812,784.395,866.204,400,20,4920,45,20115,29200,229,19,20,0,0,0,0,0,0,0,0,BENIGN
8080,4117634,16,23,17472,25116,318,35,1092.0,380.361,898,37,1092.0,187.328,10342.833,9.471,105580.359,0,175934,3050,4117634,0,0,0,0,0,0,0,0,0,0,0,320,460,3.886,5.586,53,236,55.878,158.994,35772.497,0,0,0,0,0,0,0,0,1.44,150.789,293.145,771.934,320,16,17472,23,25116,-1,229,15,32,0,0,0,0,0,0,0,0,BENIGN
443,72816403,43,18,29799,7182,959,10,693.0,178.131,409,8,399.0,121.207,507.866,0.838,1193711.525,0,18189183,4517,72816403,0,0,0,0,0,0,0,0,0,0,0,860,360,0.591,0.247,20,1190,246.506,184.913,197160.874,0,0,0,1,1,0,0,0,0.42,783.299,831.888,698.135,860,43,29799,18,7182,-1,235,42,20,0,0,0,0,0,0,0,0,BENIGN
23,44065793,165,208,12870,237536,903,16,78.0,126.927,337,17,1142.0,277.275,5682.548,48.418,118138.855,0,24934914,2846,44065793,0,0,0,0,0,0,0,0,0,0,0,3300,4160,3.744,4.72,21,1394,172.15,415.941,115158.343,0,0,0,1,1,0,0,0,1.26,316.224,481.392,681.207,3300,165,12870,208,237536,-1,235,164,32,0,0,0,0,0,0,0,0,SSH-Patator
8080,102016779,36,35,44964,27370,600,8,1249.0,353.984,664,40,782.0,33.882,709.04,0.696,1436856.042,0,26184647,3527,102016779,0,0,0,0,0,0,0,0,0,0,0,720,700,0.353,0.343,2,142,736.591,264.463,138495.141,0,0,0,1,0,0,0,0,0.97,825.633,503.08,154.666,720,36,44964,35,27370,8192,-1,35,20,0,0,0,0,0,0,0,0,BENIGN
443,59336795,42,39,61236,1638,145,14,1458.0,4.259,525,9,42.0,150.966,1059.612,1.365,732553.025,0,59063700,1222,59336795,0,0,0,0,0,0,0,0,0,0,0,840,780,0.708,0.657,10,1140,777.905,379.562,144040.902,0,0,0,1,1,0,0,0,0.93,44.019,759.483,239.571,840,42,61236,39,1638,29200,235,41,32,0,0,0,0,0,0,0,0,BENIGN
123,4675453,24,27,7152,38934,962,8,298.0,225.094,1393,33,1442.0,132.532,9857.013,10.908,91675.549,0,60506,4009,4675453,0,0,0,0,0,0,0,0,0,0,0,480,540,5.133,5.775,35,1186,167.984,168.825,178477.36,0,0,0,1,1,0,0,0,1.12,527.515,63.655,464.336,480,24,7152,27,38934,-1,65535,23,20,0,0,0,0,0,0,0,0,BENIGN
22,53717562,165,119,94710,164339,950,34,574.0,335.291,1184,28,1381.0,232.021,4822.427,100.501,189146.345,0,35588526,4937,53717562,0,0,0,0,0,0,0,0,0,0,0,3300,2380,3.072,2.215,34,770,458.326,424.207,246481.705,0,1,0,0,1,0,0,0,0.72,395.49,478.344,652.552,3300,165,94710,119,164339,65535,229,164,20,0,0,0,0,0,0,0,0,PortScan
3389,45807229,12,205,7200,128330,897,19,600.0,367.813,1189,24,626.0,238.941,2958.703,19.645,211093.221,0,20123275,4701,45807229,0,0,0,0,0,0,0,0,0,0,0,240,4100,0.262,4.475,44,1352,654.279,235.553,115968.233,0,1,0,0,0,0,0,0,17.08,440.763,569.946,200.058,240,12,7200,205,128330,-1,65535,11,20,0,0,0,0,0,0,0,0,PortScan
21,99001596,313,56,223169,2912,833,38,713.0,300.623,732,21,52.0,363.428,2283.61,89.883,268297.008,0,44191834,2501,99001596,0,0,0,0,0,0,0,0,0,0,0,6260,1120,3.162,0.566,9,420,720.025,11.567,211917.553,0,0,0,1,1,0,0,0,0.18,886.108,845.484,129.342,6260,313,223169,56,2912,29200,229,312,32,0,0,0,0,0,0,0,0,FTP-Patator
21,44463306,130,273,11960,52689,1188,23,92.0,29.155,1178,24,193.0,350.816,1453.985,344.015,110330.784,0,17229257,150,44463306,0,0,0,0,0,0,0,0,0,0,0,2600,5460,2.924,6.14,22,912,61.087,147.654,4071.678,0,1,0,0,0,0,0,0,2.1,514.537,495.032,434.414,2600,130,11960,273,52689,29200,-1,129,32,0,0,0,0,0,0,0,0,DDoS
3389,10467532,380,234,364800,122382,603,33,960.0,136.052,1011,16,523.0,163.562,46542.203,2278.983,17048.098,0,9377018,4702,10467532,0,0,0,0,0,0,0,0,0,0,0,7600,4680,36.303,22.355,54,467,113.027,489.724,135643.433,0,0,0,0,0,0,0,0,0.62,726.277,751.157,335.493,7600,380,364800,234,122382,65535,65535,379,32,0,0,0,0,0,0,0,0,DoS GoldenEye
3389,91564928,48,278,14880,83956,1431,11,310.0,285.826,95,38,302.0,338.495,1079.409,41.683,280874.012,0,42947531,151,91564928,0,0,0,0,0,0,0,0,0,0,0,960,5560,0.524,3.036,3,943,266.585,120.825,26467.293,0,1,0,0,0,0,0,0,5.79,132.588,231.741,417.707,960,48,14880,278,83956,-1,235,47,32,0,0,0,0,0,0,0,0,DDoS
53,21787645,51,25,51204,9050,819,28,1004.0,73.746,247,40,362.0,38.692,2765.512,3.488,286679.539,0,18827912,4047,21787645,0,0,0,0,0,0,0,0,0,0,0,1020,500,2.341,1.147,6,210,681.766,334.915,92590.727,0,0,0,0,0,0,0,0,0.49,566.202,692.093,446.466,1020,51,51204,25,9050,65535,65535,50,20,0,0,0,0,0,0,0,0,BENIGN
123,56817301,32,11,31648,6919,235,38,989.0,397.927,1180,10,629.0,131.423,678.79,0.757,1321332.581,0,14947697,4883,56817301,0,0,0,0,0,0,0,0,0,0,0,640,220,0.563,0.194,40,544,253.101,345.178,249804.888,0,0,0,1,1,0,0,0,0.34,415.48,600.882,785.262,640,32,31648,11,6919,8192,229,31,32,0,0,0,0,0,0,0,0,BENIGN
8080,44440440,5,4,3335,1124,409,29,667.0,252.227,1411,29,281.0,0.604,100.337,0.203,4937826.667,0,4786609,4748,44440440,0,0,0,0,0,0,0,0,0,0,0,100,80,0.113,0.09,2,1127,411.214,13.516,131495.34,0,0,0,0,0,0,0,0,0.8,689.88,335.937,319.797,100,5,3335,4,1124,8192,235,4,20,0,0,0,0,0,0,0,0,BENIGN
53,35300196,13,49,624,26999,1065,3,48.0,14.61,652,0,551.0,243.823,782.517,1.756,569358.0,0,7319104,201,35300196,0,0,0,0,0,0,0,0,0,0,0,260,980,0.368,1.388,49,859,877.633,417.819,186526.361,0,0,0,0,1,0,0,0,3.77,829.422,672.734,642.144,260,13,624,49,26999,8192,-1,12,20,0,0,0,0,0,0,0,0,BENIGN
123,90333653,46,40,45586,27200,587,34,991.0,187.303,628,21,680.0,356.566,805.746,0.952,1050391.314,0,2420471,553,90333653,0,0,0,0,0,0,0,0,0,0,0,920,800,0.509,0.443,49,208,816.525,407.373,1059.85,0,0,0,0,1,0,0,0,0.87,718.541,452.425,760.072,920,46,45586,40,27200,-1,-1,45,32,0,0,0,0,0,0,0,0,BENIGN
22,12462475,273,264,141960,224400,1445,20,520.0,243.047,1449,33,850.0,166.002,29397.05,1489.368,23207.588,0,9528384,4759,12462475,0,0,0,0,0,0,0,0,0,0,0,5460,5280,21.906,21.184,10,1144,706.073,463.543,240845.809,0,1,0,0,0,0,0,0,0.97,189.838,898.127,376.617,5460,273,141960,264,224400,-1,235,272,32,0,0,0,0,0,0,0,0,SSH-Patator
23,110750604,255,101,168810,111605,729,26,662.0,82.411,962,14,1105.0,123.708,2531.95,7.294,311097.202,0,45475181,3176,110750604,0,0,0,0,0,0,0,0,0,0,0,5100,2020,2.302,0.912,36,530,390.988,283.503,19205.602,0,1,0,0,1,0,0,0,0.4,458.223,782.964,115.292,5100,255,168810,101,111605,-1,229,254,20,0,0,0,0,0,0,0,0,SSH-Patator
445,118859116,318,270,160590,353970,529,17,505.0,138.17,1354,21,1311.0,252.923,4329.159,116.034,202141.354,0,23094214,3675,118859116,0,0,0,0,0,0,0,0,0,0,0,6360,5400,2.675,2.272,16,1103,441.095,428.07,54487.211,0,1,0,1,1,0,0,0,0.85,598.623,671.071,506.273,6360,318,160590,270,353970,8192,-1,317,20,0,0,0,0,0,0,0,0,PortScan
443,85927085,9,1,3321,1052,52,34,369.0,103.567,822,13,1052.0,193.471,50.892,0.116,8592708.5,0,34894557,1996,85927085,0,0,0,0,0,0,0,0,0,0,0,180,20,0.105,0.012,54,724,155.962,131.617,81689.874,0,0,0,0,0,0,0,0,0.11,474.502,305.421,551.328,180,9,3321,1,1052,-1,229,8,20,0,0,0,0,0,0,0,0,BENIGN
80,61368137,43,13,44333,4134,1066,29,1031.0,224.5,280,0,318.0,127.742,789.775,0.913,1095859.589,0,41489468,4433,61368137,0,0,0,0,0,0,0,0,0,0,0,860,260,0.701,0.212,43,448,580.475,310.131,94488.022,0,0,0,0,0,0,0,0,0.3,208.3,533.578,767.042,860,43,44333,13,4134,29200,-1,42,20,0,0,0,0,0,0,0,0,BENIGN
23,46473544,60,102,71640,83742,572,25,1194.0,229.668,1419,26,821.0,93.466,3343.451,43.831,286873.728,0,25617016,3366,46473544,0,0,0,0,0,0,0,0,0,0,0,1200,2040,1.291,2.195,6,929,725.109,92.155,34000.987,0,1,0,0,0,0,0,0,1.7,464.505,859.369,217.862,1200,60,71640,102,83742,8192,229,59,32,0,0,0,0,0,0,0,0,DoS Hulk
80,93191800,57,20,78831,27880,488,4,1383.0,236.629,1124,1,1394.0,10.652,1145.069,0.826,1210283.117,0,12610089,4706,93191800,0,0,0,0,0,0,0,0,0,0,0,1140,400,0.612,0.215,36,1291,689.183,52.514,92483.303,0,0,0,1,1,0,0,0,0.35,361.778,668.18,526.112,1140,57,78831,20,27880,8192,-1,56,32,0,0,0,0,0,0,0,0,BENIGN
443,29048445,11,36,9405,33840,922,30,855.0,88.458,187,31,940.0,314.491,1488.72,1.618,618052.021,0,13856360,2198,29048445,0,0,0,0,0,0,0,0,0,0,0,220,720,0.379,1.239,46,677,891.111,499.451,199985.571,0,0,0,1,1,0,0,0,3.27,638.627,77.037,467.853,220,11,9405,36,33840,-1,65535,10,20,0,0,0,0,0,0,0,0,BENIGN
80,41376759,20,6,20840,6186,184,10,1042.0,175.737,752,30,1031.0,200.034,653.169,0.628,1591413.808,0,35575293,2771,41376759,0,0,0,0,0,0,0,0,0,0,0,400,120,0.483,0.145,24,1327,154.851,9.204,139851.438,0,0,0,1,1,0,0,0,0.3,169.25,709.937,315.83,400,20,20840,6,6186,65535,65535,19,20,0,0,0,0,0,0,0,0,BENIGN
3389,27669169,189,115,162162,82455,939,37,858.0,230.233,123,37,717.0,237.872,8840.779,182.866,91017.003,0,7912982,2739,27669169,0,0,0,0,0,0,0,0,0,0,0,3780,2300,6.831,4.156,44,133,659.503,71.44,249955.882,0,1,0,1,1,0,0,0,0.61,398.186,461.392,363.28,3780,189,162162,115,82455,29200,229,188,32,0,0,0,0,0,0,0,0,FTP-Patator
993,29883448,32,17,12928,17629,1161,7,404.0,378.909,1000,4,1037.0,396.226,1022.539,1.64,609866.286,0,16962683,2094,29883448,0,0,0,0,0,0,0,0,0,0,0,640,340,1.071,0.569,50,205,140.846,444.935,89251.284,0,0,0,1,0,0,0,0,0.53,107.468,794.005,356.891,640,32,12928,17,17629,8192,65535,31,20,0,0,0,0,0,0,0,0,BENIGN
23,22015009,358,103,434970,108974,499,30,1215.0,106.459,52,6,1058.0,159.041,24707.871,728.712,47754.9,0,7867781,4169,22015009,0,0,0,0,0,0,0,0,0,0,0,7160,2060,16.262,4.679,54,1308,284.48,53.134,72850.303,0,0,0,0,1,0,0,0,0.29,824.404,594.235,569.909,7160,358,434970,103,108974,65535,229,357,32,0,0,0,0,0,0,0,0,DoS Hulk
22,96376190,276,176,185472,109824,690,29,672.0,27.572,835,16,624.0,179.975,3063.993,157.943,213221.659,0,34443329,929,96376190,0,0,0,0,0,0,0,0,0,0,0,5520,3520,2.864,1.826,8,565,475.3,483.741,222187.148,0,1,0,1,0,0,0,0,0.64,432.421,485.125,715.702,5520,276,185472,176,109824,8192,229,275,32,0,0,0,0,0,0,0,0,DoS GoldenEye
23,82008493,248,48,42904,10080,497,6,173.0,91.026,137,20,210.0,34.502,646.079,65.311,277055.72,0,10216267,3183,82008493,0,0,0,0,0,0,0,0,0,0,0,4960,960,3.024,0.585,33,786,124.17,348.721,204978.543,0,1,0,1,0,0,0,0,0.19,538.674,423.617,321.589,4960,248,42904,48,10080,29200,-1,247,20,0,0,0,0,0,0,0,0,DoS GoldenEye
22,7030965,121,134,152218,179962,721,22,1258.0,49.756,1008,15,1343.0,239.603,47245.293,838.898,27572.412,0,992674,1756,7030965,0,0,0,0,0,0,0,0,0,0,0,2420,2680,17.21,19.059,13,325,44.082,67.06,192064.233,0,1,0,0,0,0,0,0,1.11,876.535,265.463,267.22,2420,121,152218,134,179962,-1,-1,120,32,0,0,0,0,0,0,0,0,PortScan
443,81670848,54,0,22194,0,1296,26,411.0,308.405,1099,2,0.0,45.567,271.749,0.661,1512423.111,0,29877074,1461,81670848,0,0,0,0,0,0,0,0,0,0,0,1080,0,0.661,0.0,41,161,108.375,53.419,62717.922,0,0,0,1,1,0,0,0,0.0,346.921,868.886,539.659,1080,54,22194,0,0,8192,-1,53,32,0,0,0,0,0,0,0,0,BENIGN
8080,49461326,44,27,43516,32994,1273,40,989.0,169.145,147,37,1222.0,336.282,1546.865,1.435,696638.394,0,39104358,3877,49461326,0,0,0,0,0,0,0,0,0,0,0,880,540,0.89,0.546,0,367,57.394,253.802,78527.442,0,0,0,1,1,0,0,0,0.61,824.305,119.716,138.41,880,44,43516,27,32994,8192,-1,43,20,0,0,0,0,0,0,0,0,BENIGN
53,109158681,32,15,24576,10710,319,19,768.0,360.82,800,15,714.0,123.742,323.254,0.431,2322525.128,0,78731056,202,109158681,0,0,0,0,0,0,0,0,0,0,0,640,300,0.293,0.137,1,1450,297.902,308.523,65795.25,0,0,0,0,1,0,0,0,0.47,365.114,237.456,116.696,640,32,24576,15,10710,65535,-1,31,20,0,0,0,0,0,0,0,0,BENIGN
445,34433206,17,154,22950,209902,1175,26,1350.0,187.549,1099,22,1363.0,112.523,6762.426,118.021,201363.778,0,31157477,438,34433206,0,0,0,0,0,0,0,0,0,0,0,340,3080,0.494,4.472,59,1058,378.093,160.851,240072.323,0,1,0,1,0,0,0,0,9.06,347.529,254.791,177.828,340,17,22950,154,209902,65535,-1,16,32,0,0,0,0,0,0,0,0,SSH-Patator
80,13673939,42,39,44688,4992,824,28,1064.0,208.187,76,38,128.0,58.703,3633.189,5.924,168814.062,0,5784841,1019,13673939,0,0,0,0,0,0,0,0,0,0,0,840,780,3.072,2.852,43,242,508.649,82.259,176659.807,0,0,0,1,0,0,0,0,0.93,438.583,736.864,333.618,840,42,44688,39,4992,8192,229,41,32,0,0,0,0,0,0,0,0,BENIGN
23,8537459,286,225,72930,289125,719,9,255.0,359.647,134,13,1285.0,361.897,42407.817,1429.715,16707.356,0,1768048,618,8537459,0,0,0,0,0,0,0,0,0,0,0,5720,4500,33.499,26.354,50,1251,506.917,468.09,123004.584,0,1,0,0,0,0,0,0,0.79,463.604,320.756,609.553,5720,286,72930,225,289125,8192,65535,285,32,0,0,0,0,0,0,0,0,DoS GoldenEye
8080,72366250,15,10,5445,6470,784,24,363.0,26.668,595,30,647.0,388.629,164.649,0.345,2894650.0,0,35853596,2503,72366250,0,0,0,0,0,0,0,0,0,0,0,300,200,0.207,0.138,6,235,121.668,74.481,249465.486,0,0,0,0,1,0,0,0,0.67,899.461,857.154,408.46,300,15,5445,10,6470,8192,229,14,20,0,0,0,0,0,0,0,0,BENIGN
123,17300332,43,19,27477,5225,1086,29,639.0,196.988,826,35,275.0,262.396,1890.253,3.584,279037.613,0,11795840,3134,17300332,0,0,0,0,0,0,0,0,0,0,0,860,380,2.486,1.098,2,585,896.341,453.945,163448.58,0,0,0,1,0,0,0,0,0.44,775.43,283.359,732.063,860,43,27477,19,5225,8192,235,42,32,0,0,0,0,0,0,0,0,BENIGN
80,72818123,54,48,26784,26928,881,23,496.0,144.637,197,36,561.0,274.247,737.619,1.401,713903.167,0,65746263,3566,72818123,0,0,0,0,0,0,0,0,0,0,0,1080,960,0.742,0.659,34,1105,796.607,34.903,89462.543,0,0,0,0,0,0,0,0,0.89,467.72,262.505,231.776,1080,54,26784,48,26928,-1,235,53,20,0,0,0,0,0,0,0,0,BENIGN
443,93723200,22,17,28072,18581,253,6,1276.0,143.705,192,34,1093.0,200.638,497.774,0.416,2403158.974,0,62230272,1987,93723200,0,0,0,0,0,0,0,0,0,0,0,440,340,0.235,0.181,23,625,775.123,432.933,180020.557,0,0,0,0,0,0,0,0,0.77,626.175,635.566,223.528,440,22,28072,17,18581,65535,235,21,32,0,0,0,0,0,0,0,0,BENIGN
80,116481068,24,34,16992,16048,1180,37,708.0,29.718,195,12,472.0,359.45,283.651,0.498,2008294.276,0,48839189,4099,116481068,0,0,0,0,0,0,0,0,0,0,0,480,680,0.206,0.292,30,88,207.731,317.563,15383.524,0,0,0,0,0,0,0,0,1.42,693.4,873.013,750.405,480,24,16992,34,16048,8192,235,23,20,0,0,0,0,0,0,0,0,BENIGN
443,110647007,56,40,78904,47280,732,4,1409.0,130.172,449,18,1182.0,192.56,1140.419,0.868,1152572.99,0,72241595,484,110647007,0,0,0,0,0,0,0,0,0,0,0,1120,800,0.506,0.362,3,186,438.147,364.317,144618.01,0,0,0,1,0,0,0,0,0.71,893.474,354.219,99.492,1120,56,78904,40,47280,8192,65535,55,32,0,0,0,0,0,0,0,0,BENIGN
8080,74215092,18,41,20088,59614,328,13,1116.0,58.524,1077,5,1454.0,319.474,1073.933,0.795,1257882.915,0,57994210,353,74215092,0,0,0,0,0,0,0,0,0,0,0,360,820,0.243,0.552,3,895,844.116,68.756,221079.178,0,0,0,0,0,0,0,0,2.28,775.053,472.126,133.345,360,18,20088,41,59614,65535,65535,17,32,0,0,0,0,0,0,0,0,BENIGN
443,107578687,34,17,5610,18547,311,35,165.0,369.18,436,22,1091.0,15.8,224.552,0.474,2109386.02,0,90812866,2984,107578687,0,0,0,0,0,0,0,0,0,0,0,680,340,0.316,0.158,11,674,829.96,107.399,134137.961,0,0,0,1,0,0,0,0,0.5,810.29,463.004,586.649,680,34,5610,17,18547,29200,235,33,20,0,0,0,0,0,0,0,0,BENIGN
8080,74768929,23,45,29923,61920,903,5,1301.0,118.318,1026,9,1376.0,139.725,1228.358,0.909,1099543.074,0,24616042,2792,74768929,0,0,0,0,0,0,0,0,0,0,0,460,900,0.308,0.602,14,539,727.739,417.212,115797.572,0,0,0,0,1,0,0,0,1.96,736.889,621.047,408.653,460,23,29923,45,61920,65535,-1,22,32,0,0,0,0,0,0,0,0,BENIGN
8080,50124391,8,40,1528,8800,168,23,191.0,124.401,1090,16,220.0,8.335,206.047,0.958,1044258.146,0,8628890,528,50124391,0,0,0,0,0,0,0,0,0,0,0,160,800,0.16,0.798,43,1103,244.494,187.335,241961.58,0,0,0,0,1,0,0,0,5.0,760.832,61.105,151.469,160,8,1528,40,8800,29200,235,7,32,0,0,0,0,0,0,0,0,BENIGN
993,58561703,9,27,11070,9126,1162,31,1230.0,109.907,289,17,338.0,348.148,344.867,0.615,1626713.972,0,38566949,4768,58561703,0,0,0,0,0,0,0,0,0,0,0,180,540,0.154,0.461,56,662,751.524,325.877,10421.035,0,0,0,0,0,0,0,0,3.0,756.81,174.097,702.163,180,9,11070,27,9126,-1,-1,8,20,0,0,0,0,0,0,0,0,BENIGN
443,70197098,49,41,22344,33251,1089,19,456.0,77.567,139,14,811.0,86.776,791.984,1.282,779967.756,0,18565166,262,70197098,0,0,0,0,0,0,0,0,0,0,0,980,820,0.698,0.584,32,228,883.256,271.36,89648.636,0,0,0,1,1,0,0,0,0.84,848.842,376.398,519.081,980,49,22344,41,33251,65535,-1,48,32,0,0,0,0,0,0,0,0,BENIGN
443,77793264,57,22,7467,13684,1387,24,131.0,372.043,150,35,622.0,266.896,271.887,1.016,984724.861,0,72503427,272,77793264,0,0,0,0,0,0,0,0,0,0,0,1140,440,0.733,0.283,8,393,890.661,252.623,97196.817,0,0,0,0,0,0,0,0,0.39,602.087,566.981,892.352,1140,57,7467,22,13684,65535,229,56,20,0,0,0,0,0,0,0,0,BENIGN
80,106019239,32,2,15296,2028,483,7,478.0,162.434,193,37,1014.0,232.359,163.404,0.321,3118212.912,0,29401650,348,106019239,0,0,0,0,0,0,0,0,0,0,0,640,40,0.302,0.019,44,992,189.376,344.919,154383.494,0,0,0,1,1,0,0,0,0.06,443.077,77.613,357.428,640,32,15296,2,2028,8192,235,31,32,0,0,0,0,0,0,0,0,BENIGN
993,15740928,10,21,11270,1491,1034,39,1127.0,320.847,970,25,71.0,116.638,810.689,1.969,507771.871,0,7251843,4420,15740928,0,0,0,0,0,0,0,0,0,0,0,200,420,0.635,1.334,39,503,67.352,6.696,116180.052,0,0,0,0,0,0,0,0,2.1,115.81,798.63,233.523,200,10,11270,21,1491,8192,235,9,32,0,0,0,0,0,0,0,0,BENIGN
123,3456643,36,23,38844,6118,893,29,1079.0,74.735,416,7,266.0,311.82,13007.418,17.069,58587.169,0,1857340,767,3456643,0,0,0,0,0,0,0,0,0,0,0,720,460,10.415,6.654,34,1051,343.959,48.827,23085.467,0,0,0,1,0,0,0,0,0.64,684.311,734.161,452.756,720,36,38844,23,6118,65535,229,35,20,0,0,0,0,0,0,0,0,BENIGN
53,69014540,47,15,45073,13335,1059,25,959.0,5.441,857,14,889.0,350.807,846.314,0.898,1113137.742,0,58399441,3853,69014540,0,0,0,0,0,0,0,0,0,0,0,940,300,0.681,0.217,23,1416,684.305,385.611,53476.451,0,0,0,1,1,0,0,0,0.32,716.85,288.472,182.755,940,47,45073,15,13335,-1,-1,46,20,0,0,0,0,0,0,0,0,BENIGN
993,114249286,6,33,2004,4125,596,32,334.0,129.6,1400,19,125.0,75.243,53.646,0.341,2929468.872,0,59668068,4576,114249286,0,0,0,0,0,0,0,0,0,0,0,120,660,0.053,0.289,14,1283,135.105,330.465,2553.239,0,0,0,1,0,0,0,0,5.5,306.128,680.445,569.617,120,6,2004,33,4125,8192,65535,5,20,0,0,0,0,0,0,0,0,BENIGN
445,99809360,78,32,87672,28576,1086,35,1124.0,358.521,83,33,893.0,111.068,1164.7,3.792,907357.818,0,83042423,3073,99809360,0,0,0,0,0,0,0,0,0,0,0,1560,640,0.781,0.321,16,1031,104.647,354.175,37968.286,0,1,0,0,0,0,0,0,0.41,309.224,770.333,887.293,1560,78,87672,32,28576,29200,-1,77,20,0,0,0,0,0,0,0,0,PortScan
22,93511514,391,28,144670,12208,293,13,370.0,143.016,212,32,436.0,188.456,1677.633,137.029,223177.838,0,46450625,3634,93511514,0,0,0,0,0,0,0,0,0,0,0,7820,560,4.181,0.299,47,288,463.894,482.636,210880.622,0,1,0,0,0,0,0,0,0.07,525.885,493.118,186.141,7820,391,144670,28,12208,29200,-1,390,20,0,0,0,0,0,0,0,0,SSH-Patator
21,82422922,13,166,2314,131970,219,23,178.0,338.864,1079,22,795.0,252.852,1629.207,51.647,460463.251,0,32002072,3326,82422922,0,0,0,0,0,0,0,0,0,0,0,260,3320,0.158,2.014,37,1256,265.263,112.457,203854.301,0,0,0,1,0,0,0,0,12.77,654.678,322.906,450.197,260,13,2314,166,131970,65535,-1,12,20,0,0,0,0,0,0,0,0,DDoS
443,93935402,17,31,7854,11470,994,39,462.0,145.429,47,17,370.0,106.651,205.716,0.511,1956987.542,0,1170735,922,93935402,0,0,0,0,0,0,0,0,0,0,0,340,620,0.181,0.33,45,1122,866.291,235.047,190371.147,0,0,0,0,1,0,0,0,1.82,186.339,468.057,152.394,340,17,7854,31,11470,29200,-1,16,32,0,0,0,0,0,0,0,0,BENIGN
123,9442378,52,16,28496,1664,1446,12,548.0,186.262,703,36,104.0,66.995,3194.111,7.202,138858.5,0,8828751,3278,9442378,0,0,0,0,0,0,0,0,0,0,0,1040,320,5.507,1.694,39,1081,485.314,269.21,238091.238,0,0,0,0,1,0,0,0,0.31,767.64,639.759,632.158,1040,52,28496,16,1664,8192,-1,51,32,0,0,0,0,0,0,0,0,BENIGN
80,58635937,14,22,13958,3630,624,16,997.0,181.844,347,2,165.0,119.277,299.953,0.614,1628776.028,0,40030032,3369,58635937,0,0,0,0,0,0,0,0,0,0,0,280,440,0.239,0.375,55,321,261.126,465.768,92934.399,0,0,0,1,1,0,0,0,1.57,625.558,134.935,44.095,280,14,13958,22,3630,29200,65535,13,20,0,0,0,0,0,0,0,0,BENIGN
21,108476253,128,286,173184,408694,1119,4,1353.0,290.519,125,5,1429.0,232.353,5364.105,121.775,262019.935,0,92696904,2784,108476253,0,0,0,0,0,0,0,0,0,0,0,2560,5720,1.18,2.637,14,321,783.133,402.468,109633.259,0,1,0,0,0,0,0,0,2.23,827.446,108.859,518.913,2560,128,173184,286,408694,-1,65535,127,20,0,0,0,0,0,0,0,0,DDoS
123,17278070,23,47,15778,54050,146,39,686.0,214.378,1087,38,1150.0,103.867,4041.424,4.051,246829.571,0,10400077,3452,17278070,0,0,0,0,0,0,0,0,0,0,0,460,940,1.331,2.72,54,706,875.902,445.415,189834.613,0,0,0,0,0,0,0,0,2.04,630.733,836.233,546.552,460,23,15778,47,54050,-1,235,22,32,0,0,0,0,0,0,0,0,BENIGN
8080,104231032,23,43,3864,11051,590,36,168.0,243.185,852,20,257.0,182.346,143.096,0.633,1579258.061,0,72196824,4819,104231032,0,0,0,0,0,0,0,0,0,0,0,460,860,0.221,0.413,43,970,282.646,137.419,46108.398,0,0,0,0,0,0,0,0,1.87,830.798,148.266,349.828,460,23,3864,43,11051,29200,235,22,32,0,0,0,0,0,0,0,0,BENIGN
123,113272798,16,13,17088,923,559,30,1068.0,225.745,356,7,71.0,203.429,159.006,0.256,3905958.552,0,12196723,1124,113272798,0,0,0,0,0,0,0,0,0,0,0,320,260,0.141,0.115,7,271,789.389,444.86,148890.585,0,0,0,0,1,0,0,0,0.81,599.798,297.866,745.239,320,16,17088,13,923,-1,65535,15,20,0,0,0,0,0,0,0,0,BENIGN
23,48922768,114,64,15390,79232,1404,18,135.0,268.966,514,25,1238.0,190.63,1934.11,20.332,274847.011,0,14224878,3166,48922768,0,0,0,0,0,0,0,0,0,0,0,2280,1280,2.33,1.308,55,1351,601.31,409.125,43080.788,0,1,0,1,0,0,0,0,0.56,678.393,514.412,267.857,2280,114,15390,64,79232,8192,229,113,32,0,0,0,0,0,0,0,0,DoS Hulk
123,89104115,56,46,19432,21528,1080,37,347.0,283.637,165,29,468.0,361.981,459.687,1.145,873569.755,0,61372281,56,89104115,0,0,0,0,0,0,0,0,0,0,0,1120,920,0.628,0.516,33,77,714.348,340.016,29893.53,0,0,0,1,1,0,0,0,0.82,309.685,344.571,462.391,1120,56,19432,46,21528,29200,65535,55,20,0,0,0,0,0,0,0,0,BENIGN
443,49819584,35,44,37275,30272,1328,18,1065.0,383.511,808,33,688.0,350.966,1355.832,1.586,630627.646,0,21473933,1182,49819584,0,0,0,0,0,0,0,0,0,0,0,700,880,0.703,0.883,30,1289,397.353,175.131,115950.148,0,0,0,1,1,0,0,0,1.26,828.241,699.077,191.182,700,35,37275,44,30272,29200,229,34,20,0,0,0,0,0,0,0,0,BENIGN
445,42493333,175,90,245350,91350,501,15,1402.0,127.293,54,20,1015.0,110.598,7923.596,129.306,160352.2,0,14056030,2407,42493333,0,0,0,0,0,0,0,0,0,0,0,3500,1800,4.118,2.118,57,600,254.871,202.554,415.314,0,0,0,0,0,0,0,0,0.51,84.356,283.622,404.098,3500,175,245350,90,91350,8192,-1,174,20,0,0,0,0,0,0,0,0,SSH-Patator
80,100559830,11,11,6061,5874,120,35,551.0,289.576,474,12,534.0,340.804,118.686,0.219,4570901.364,0,5110662,717,100559830,0,0,0,0,0,0,0,0,0,0,0,220,220,0.109,0.109,18,373,874.943,79.72,35128.843,0,0,0,1,1,0,0,0,1.0,124.815,718.403,507.906,220,11,6061,11,5874,29200,-1,10,20,0,0,0,0,0,0,0,0,BENIGN
23,97068061,65,259,29055,210049,274,9,447.0,50.286,119,37,811.0,186.585,2463.261,42.1,299592.781,0,34515464,1299,97068061,0,0,0,0,0,0,0,0,0,0,0,1300,5180,0.67,2.668,48,1162,658.079,341.916,49321.076,0,1,0,1,1,0,0,0,3.98,47.981,761.054,811.718,1300,65,29055,259,210049,29200,229,64,32,0,0,0,0,0,0,0,0,SSH-Patator
123,61435742,50,31,5350,13175,1056,26,107.0,83.054,847,1,425.0,88.47,301.535,1.318,758465.951,0,20931387,1765,61435742,0,0,0,0,0,0,0,0,0,0,0,1000,620,0.814,0.505,56,1450,432.531,422.797,31373.505,0,0,0,0,0,0,0,0,0.62,711.753,373.027,184.436,1000,50,5350,31,13175,65535,-1,49,32,0,0,0,0,0,0,0,0,BENIGN
993,4076186,37,11,32116,7282,338,35,868.0,227.887,1262,8,662.0,324.502,9665.408,11.776,84920.542,0,607396,4757,4076186,0,0,0,0,0,0,0,0,0,0,0,740,220,9.077,2.699,36,1283,154.051,466.076,66338.479,0,0,0,1,1,0,0,0,0.3,899.568,301.669,384.614,740,37,32116,11,7282,-1,235,36,20,0,0,0,0,0,0,0,0,BENIGN
22,83897537,163,273,31133,168441,197,32,191.0,236.758,279,40,617.0,357.034,2378.783,93.124,192425.544,0,73145523,2805,83897537,0,0,0,0,0,0,0,0,0,0,0,3260,5460,1.943,3.254,33,487,732.426,88.542,218327.38,0,1,0,0,1,0,0,0,1.67,859.72,407.095,605.463,3260,163,31133,273,168441,-1,-1,162,32,0,0,0,0,0,0,0,0,DoS Hulk
3389,17739788,96,58,62688,70528,530,1,653.0,208.003,432,12,1216.0,161.912,7509.447,190.871,115193.429,0,3094815,4744,17739788,0,0,0,0,0,0,0,0,0,0,0,1920,1160,5.412,3.269,30,822,725.516,397.065,150689.647,0,1,0,1,0,0,0,0,0.6,136.364,504.039,347.839,1920,96,62688,58,70528,29200,-1,95,32,0,0,0,0,0,0,0,0,DDoS
123,40189792,34,35,27710,5390,846,5,815.0,330.417,308,6,154.0,159.659,823.592,1.717,582460.754,0,33953579,4714,40189792,0,0,0,0,0,0,0,0,0,0,0,680,700,0.846,0.871,48,633,738.601,368.205,95310.997,0,0,0,0,0,0,0,0,1.03,570.665,53.725,205.584,680,34,27710,35,5390,8192,235,33,32,0,0,0,0,0,0,0,0,BENIGN
123,15945619,2,5,486,3785,177,38,243.0,179.149,98,2,757.0,75.485,267.848,0.439,2277945.571,0,10917189,2679,15945619,0,0,0,0,0,0,0,0,0,0,0,40,100,0.125,0.314,49,714,168.383,41.659,130777.173,0,0,0,0,1,0,0,0,2.5,885.785,339.998,226.033,40,2,486,5,3785,8192,235,1,32,0,0,0,0,0,0,0,0,BENIGN
123,62755102,40,7,20760,1344,612,11,519.0,370.598,1018,23,192.0,219.882,352.226,0.749,1335214.936,0,32469933,4612,62755102,0,0,0,0,0,0,0,0,0,0,0,800,140,0.637,0.112,45,978,463.644,2.492,223582.039,0,0,0,0,0,0,0,0,0.17,385.032,858.222,265.202,800,40,20760,7,1344,8192,235,39,32,0,0,0,0,0,0,0,0,BENIGN
8080,19642684,34,36,26316,15984,725,26,774.0,249.415,114,35,444.0,84.846,2153.474,3.564,280609.771,0,15405358,511,19642684,0,0,0,0,0,0,0,0,0,0,0,680,720,1.731,1.833,5,429,837.209,465.033,178662.109,0,0,0,1,1,0,0,0,1.06,91.601,562.06,236.351,680,34,26316,36,15984,8192,229,33,32,0,0,0,0,0,0,0,0,BENIGN
8080,1826675,35,45,43120,11430,902,21,1232.0,4.447,760,26,254.0,209.333,29863.002,43.795,22833.438,0,703497,1577,1826675,0,0,0,0,0,0,0,0,0,0,0,700,900,19.16,24.635,56,756,634.952,90.606,57365.43,0,0,0,1,1,0,0,0,1.29,351.056,879.771,809.345,700,35,43120,45,11430,65535,229,34,20,0,0,0,0,0,0,0,0,BENIGN
123,15594506,30,40,37920,34840,1055,4,1264.0,42.001,771,33,871.0,243.47,4665.746,4.489,222778.657,0,10318674,348,15594506,0,0,0,0,0,0,0,0,0,0,0,600,800,1.924,2.565,27,454,274.879,183.585,44134.913,0,0,0,1,1,0,0,0,1.33,329.138,839.023,56.216,600,30,37920,40,34840,8192,-1,29,32,0,0,0,0,0,0,0,0,BENIGN
443,43811131,7,12,9940,14532,143,30,1420.0,168.522,411,7,1211.0,177.423,558.58,0.434,2305849.0,0,28148405,4710,43811131,0,0,0,0,0,0,0,0,0,0,0,140,240,0.16,0.274,37,327,120.841,67.02,180536.458,0,0,0,0,1,0,0,0,1.71,866.728,881.114,217.741,140,7,9940,12,14532,29200,229,6,32,0,0,0,0,0,0,0,0,BENIGN
80,79857238,34,49,15130,55076,684,0,445.0,19.951,1035,6,1124.0,55.825,879.144,1.039,962135.398,0,23808547,3534,79857238,0,0,0,0,0,0,0,0,0,0,0,680,980,0.426,0.614,1,183,615.847,479.601,144908.707,0,0,0,1,1,0,0,0,1.44,337.191,276.024,333.62,680,34,15130,49,55076,-1,229,33,20,0,0,0,0,0,0,0,0,BENIGN
8080,29850960,10,5,11990,3165,1001,7,1199.0,3.718,270,16,633.0,180.231,507.689,0.502,1990064.0,0,11426247,2931,29850960,0,0,0,0,0,0,0,0,0,0,0,200,100,0.335,0.167,39,1438,683.436,408.468,109173.248,0,0,0,1,1,0,0,0,0.5,237.686,329.008,93.136,200,10,11990,5,3165,65535,235,9,20,0,0,0,0,0,0,0,0,BENIGN
22,23364769,351,141,124956,100815,697,8,356.0,195.84,306,27,715.0,391.393,9662.882,410.507,47489.368,0,21848869,3094,23364769,0,0,0,0,0,0,0,0,0,0,0,7020,2820,15.023,6.035,42,1142,169.966,259.981,25417.263,0,0,0,1,0,0,0,0,0.4,802.428,425.366,161.126,7020,351,124956,141,100815,-1,229,350,32,0,0,0,0,0,0,0,0,FTP-Patator
3389,70534011,243,1,251991,114,182,25,1037.0,262.309,1080,21,114.0,215.367,3574.233,70.836,289073.816,0,19257636,3544,70534011,0,0,0,0,0,0,0,0,0,0,0,4860,20,3.445,0.014,7,375,747.184,159.787,230200.243,0,0,0,0,1,0,0,0,0.0,490.439,713.01,89.853,4860,243,251991,1,114,-1,235,242,32,0,0,0,0,0,0,0,0,DoS GoldenEye
123,92439391,58,0,46168,0,1347,30,796.0,152.649,592,18,0.0,157.758,499.441,0.627,1593782.603,0,82819629,3859,92439391,0,0,0,0,0,0,0,0,0,0,0,1160,0,0.627,0.0,9,762,881.494,251.511,182625.884,0,0,0,0,1,0,0,0,0.0,269.683,587.536,743.296,1160,58,46168,0,0,29200,229,57,32,0,0,0,0,0,0,0,0,BENIGN
443,9288817,16,44,11680,60280,396,14,730.0,194.025,594,36,1370.0,128.97,7746.95,6.459,154813.617,0,5355678,4242,9288817,0,0,0,0,0,0,0,0,0,0,0,320,880,1.723,4.737,9,626,575.564,41.811,164167.597,0,0,0,1,1,0,0,0,2.75,845.889,342.374,771.026,320,16,11680,44,60280,8192,65535,15,20,0,0,0,0,0,0,0,0,BENIGN
53,22082838,29,37,28159,39183,266,14,971.0,185.064,477,40,1059.0,132.495,3049.517,2.989,334588.455,0,9848409,2215,22082838,0,0,0,0,0,0,0,0,0,0,0,580,740,1.313,1.676,25,1330,283.271,146.73,144522.552,0,0,0,0,1,0,0,0,1.28,885.112,151.029,233.433,580,29,28159,37,39183,8192,65535,28,32,0,0,0,0,0,0,0,0,BENIGN
80,70879030,57,4,81396,372,269,27,1428.0,123.975,314,9,93.0,172.726,1153.628,0.861,1161951.311,0,48792719,3793,70879030,0,0,0,0,0,0,0,0,0,0,0,1140,80,0.804,0.056,46,1457,880.682,210.265,160798.708,0,0,0,1,0,0,0,0,0.07,565.023,799.867,801.148,1140,57,81396,4,372,8192,229,56,20,0,0,0,0,0,0,0,0,BENIGN
53,93594548,3,48,531,62688,86,6,177.0,294.713,699,20,1306.0,1.145,675.456,0.545,1835187.216,0,12582259,2420,93594548,0,0,0,0,0,0,0,0,0,0,0,60,960,0.032,0.513,23,1262,322.918,405.951,242169.575,0,0,0,0,1,0,0,0,16.0,211.138,655.867,549.093,60,3,531,48,62688,65535,235,2,20,0,0,0,0,0,0,0,0,BENIGN
8080,62976571,15,6,12900,3468,777,23,860.0,281.898,329,34,578.0,383.518,259.906,0.333,2998884.333,0,12109030,57,62976571,0,0,0,0,0,0,0,0,0,0,0,300,120,0.238,0.095,21,1139,306.653,388.466,38881.324,0,0,0,1,0,0,0,0,0.4,433.135,289.332,647.412,300,15,12900,6,3468,-1,235,14,32,0,0,0,0,0,0,0,0,BENIGN
123,20870469,54,36,78300,36648,368,27,1450.0,197.756,1013,36,1018.0,193.817,5507.686,4.312,231894.1,0,16057111,2742,20870469,0,0,0,0,0,0,0,0,0,0,0,1080,720,2.587,1.725,37,490,363.009,336.836,94352.057,0,0,0,1,0,0,0,0,0.67,857.885,778.76,808.037,1080,54,78300,36,36648,-1,235,53,20,0,0,0,0,0,0,0,0,BENIGN
993,106639046,37,13,28860,11284,130,28,780.0,168.467,281,12,868.0,341.891,376.447,0.469,2132780.92,0,20918177,1782,106639046,0,0,0,0,0,0,0,0,0,0,0,740,260,0.347,0.122,38,1082,437.662,487.373,196909.265,0,0,0,1,1,0,0,0,0.35,883.277,579.151,879.658,740,37,28860,13,11284,8192,229,36,20,0,0,0,0,0,0,0,0,BENIGN
53,80179298,49,36,67179,25524,1266,12,1371.0,147.849,1050,37,709.0,257.327,1156.196,1.06,943285.859,0,14089928,2295,80179298,0,0,0,0,0,0,0,0,0,0,0,980,720,0.611,0.449,14,69,306.682,10.651,18992.744,0,0,0,1,0,0,0,0,0.73,459.289,375.456,424.285,980,49,67179,36,25524,8192,235,48,32,0,0,0,0,0,0,0,0,BENIGN
80,45916088,10,26,4590,36530,414,5,459.0,316.239,1185,32,1405.0,256.892,895.547,0.784,1275446.889,0,20105412,1104,45916088,0,0,0,0,0,0,0,0,0,0,0,200,520,0.218,0.566,55,842,816.813,393.863,191009.306,0,0,0,1,0,0,0,0,2.6,669.534,604.486,880.913,200,10,4590,26,36530,29200,235,9,20,0,0,0,0,0,0,0,0,BENIGN
23,6994784,167,134,212424,104252,1358,24,1272.0,78.521,1239,4,778.0,220.611,45273.164,1627.401,23238.485,0,4865817,3396,6994784,0,0,0,0,0,0,0,0,0,0,0,3340,2680,23.875,19.157,43,1183,620.321,211.904,131802.963,0,1,0,1,1,0,0,0,0.8,820.265,810.091,552.903,3340,167,212424,134,104252,-1,229,166,32,0,0,0,0,0,0,0,0,FTP-Patator
443,113253365,9,30,4302,20280,554,6,478.0,14.932,258,19,676.0,107.118,217.053,0.344,2903932.436,0,70998802,1408,113253365,0,0,0,0,0,0,0,0,0,0,0,180,600,0.079,0.265,28,651,94.768,37.599,79141.757,0,0,0,1,0,0,0,0,3.33,77.667,538.557,662.458,180,9,4302,30,20280,8192,-1,8,32,0,0,0,0,0,0,0,0,BENIGN
443,8794376,18,9,26172,2169,864,26,1454.0,285.226,219,22,241.0,351.041,3222.628,3.07,325717.63,0,580585,3713,8794376,0,0,0,0,0,0,0,0,0,0,0,360,180,2.047,1.023,37,706,479.361,327.971,124156.399,0,0,0,1,1,0,0,0,0.5,806.96,524.365,500.13,360,18,26172,9,2169,29200,235,17,32,0,0,0,0,0,0,0,0,BENIGN
993,53954895,58,13,12122,9958,424,30,209.0,88.249,264,37,766.0,238.454,409.231,1.316,759928.099,0,16344978,946,53954895,0,0,0,0,0,0,0,0,0,0,0,1160,260,1.075,0.241,39,1056,593.113,119.715,158472.509,0,0,0,1,0,0,0,0,0.22,238.296,300.655,322.364,1160,58,12122,13,9958,29200,65535,57,32,0,0,0,0,0,0,0,0,BENIGN
8080,97684019,30,40,31290,9040,1120,12,1043.0,305.955,657,33,226.0,194.943,412.862,0.717,1395485.986,0,6984375,1545,97684019,0,0,0,0,0,0,0,0,0,0,0,600,800,0.307,0.409,44,1359,482.044,400.448,180363.688,0,0,0,1,1,0,0,0,1.33,255.775,554.065,82.354,600,30,31290,40,9040,8192,65535,29,32,0,0,0,0,0,0,0,0,BENIGN
123,74412463,57,49,10773,13720,242,30,189.0,300.637,974,26,280.0,393.217,329.152,1.424,702004.368,0,13656682,2632,74412463,0,0,0,0,0,0,0,0,0,0,0,1140,980,0.766,0.658,13,1158,779.762,43.982,217973.711,0,0,0,1,0,0,0,0,0.86,425.171,84.887,616.653,1140,57,10773,49,13720,-1,229,56,20,0,0,0,0,0,0,0,0,BENIGN
993,21335561,6,7,7074,8897,276,13,1179.0,249.087,1252,3,1271.0,30.439,748.562,0.609,1641197.0,0,5494843,3133,21335561,0,0,0,0,0,0,0,0,0,0,0,120,140,0.281,0.328,14,117,126.229,428.153,244065.401,0,0,0,1,1,0,0,0,1.17,332.696,475.437,779.568,120,6,7074,7,8897,29200,235,5,20,0,0,0,0,0,0,0,0,BENIGN
443,629161,10,25,3810,24725,276,32,381.0,350.358,702,39,989.0,28.718,45354.051,55.63,17976.029,0,88196,1149,629161,0,0,0,0,0,0,0,0,0,0,0,200,500,15.894,39.735,41,1446,455.367,445.551,36826.805,0,0,0,1,0,0,0,0,2.5,770.207,415.32,480.107,200,10,3810,25,24725,8192,65535,9,20,0,0,0,0,0,0,0,0,BENIGN
23,4211504,131,104,143052,34008,673,13,1092.0,140.97,510,5,327.0,173.567,42041.988,2101.946,17921.294,0,884437,2992,4211504,0,0,0,0,0,0,0,0,0,0,0,2620,2080,31.105,24.694,18,655,691.797,71.609,230413.318,0,1,0,1,0,0,0,0,0.79,104.56,717.74,552.019,2620,131,143052,104,34008,29200,235,130,32,0,0,0,0,0,0,0,0,DoS Hulk
993,74899396,19,6,15390,7062,278,28,810.0,262.037,87,25,1177.0,304.689,299.762,0.334,2995975.84,0,25992055,779,74899396,0,0,0,0,0,0,0,0,0,0,0,380,120,0.254,0.08,25,198,303.085,420.069,78668.924,0,0,0,1,1,0,0,0,0.32,221.982,704.51,782.276,380,19,15390,6,7062,-1,229,18,32,0,0,0,0,0,0,0,0,BENIGN
80,74661620,56,22,71400,15488,87,19,1275.0,274.964,1365,9,704.0,250.192,1163.757,1.045,957200.256,0,37320940,1024,74661620,0,0,0,0,0,0,0,0,0,0,0,1120,440,0.75,0.295,33,1424,733.706,157.264,215567.251,0,0,0,1,0,0,0,0,0.39,813.62,573.197,390.778,1120,56,71400,22,15488,65535,-1,55,32,0,0,0,0,0,0,0,0,BENIGN
443,116069551,47,30,56635,19530,1155,34,1205.0,345.025,491,2,651.0,260.293,656.201,0.663,1507396.766,0,15689796,1233,116069551,0,0,0,0,0,0,0,0,0,0,0,940,600,0.405,0.258,41,770,176.697,6.404,99675.607,0,0,0,1,0,0,0,0,0.64,474.786,139.517,627.723,940,47,56635,30,19530,-1,-1,46,20,0,0,0,0,0,0,0,0,BENIGN
80,48495789,13,48,12675,69408,378,8,975.0,363.351,1404,18,1446.0,189.258,1692.58,1.258,795012.934,0,35971759,3486,48495789,0,0,0,0,0,0,0,0,0,0,0,260,960,0.268,0.99,44,1395,111.95,186.236,175984.07,0,0,0,0,1,0,0,0,3.69,183.247,432.359,161.261,260,13,12675,48,69408,65535,-1,12,32,0,0,0,0,0,0,0,0,BENIGN
993,28594348,28,46,7252,15732,1120,12,259.0,79.56,1324,33,342.0,219.678,803.795,2.588,386410.108,0,20660213,1516,28594348,0,0,0,0,0,0,0,0,0,0,0,560,920,0.979,1.609,39,1036,380.85,434.204,169969.17,0,0,0,1,1,0,0,0,1.64,796.099,85.634,451.142,560,28,7252,46,15732,65535,-1,27,20,0,0,0,0,0,0,0,0,BENIGN
8080,104721354,30,45,19110,38880,1049,3,637.0,169.138,853,20,864.0,78.811,553.755,0.716,1396284.72,0,42614311,1163,104721354,0,0,0,0,0,0,0,0,0,0,0,600,900,0.286,0.43,4,591,313.367,260.521,188171.706,0,0,0,1,0,0,0,0,1.5,898.496,527.957,77.298,600,30,19110,45,38880,8192,65535,29,20,0,0,0,0,0,0,0,0,BENIGN
8080,101272324,4,39,612,23556,423,35,153.0,203.091,661,7,604.0,5.381,238.644,0.425,2355170.326,0,9816914,3021,101272324,0,0,0,0,0,0,0,0,0,0,0,80,780,0.039,0.385,26,753,712.758,347.338,45194.22,0,0,0,1,1,0,0,0,9.75,190.065,340.057,569.585,80,4,612,39,23556,-1,235,3,32,0,0,0,0,0,0,0,0,BENIGN
445,112802074,50,218,34450,196636,891,9,689.0,305.112,1436,36,902.0,63.587,2048.597,72.95,420903.261,0,80981551,415,112802074,0,0,0,0,0,0,0,0,0,0,0,1000,4360,0.443,1.933,15,367,733.811,132.942,225767.146,0,1,0,1,0,0,0,0,4.36,262.967,323.574,265.151,1000,50,34450,218,196636,65535,229,49,20,0,0,0,0,0,0,0,0,PortScan
80,115165842,10,10,4010,6350,137,36,401.0,335.005,1034,25,635.0,256.613,89.957,0.174,5758292.1,0,90074242,4471,115165842,0,0,0,0,0,0,0,0,0,0,0,200,200,0.087,0.087,43,1459,786.956,236.771,235242.767,0,0,0,1,0,0,0,0,1.0,156.541,552.58,364.704,200,10,4010,10,6350,65535,-1,9,20,0,0,0,0,0,0,0,0,BENIGN
123,65400700,49,24,29841,17088,1141,19,609.0,39.636,1262,6,712.0,237.207,717.561,1.116,895900.0,0,27312216,3125,65400700,0,0,0,0,0,0,0,0,0,0,0,980,480,0.749,0.367,39,891,867.996,222.332,24702.949,0,0,0,0,0,0,0,0,0.49,329.633,300.195,163.771,980,49,29841,24,17088,-1,65535,48,20,0,0,0,0,0,0,0,0,BENIGN
23,1644914,117,219,56277,277692,63,36,481.0,114.936,565,29,1268.0,161.362,203031.283,8039.555,4895.577,0,873478,4826,1644914,0,0,0,0,0,0,0,0,0,0,0,2340,4380,71.128,133.138,45,430,285.038,177.564,125933.568,0,1,0,1,1,0,0,0,1.87,683.071,473.956,88.077,2340,117,56277,219,277692,29200,-1,116,20,0,0,0,0,0,0,0,0,Bot
993,75101010,3,23,852,9522,359,4,284.0,106.287,519,6,414.0,322.863,138.134,0.346,2888500.385,0,73152784,1591,75101010,0,0,0,0,0,0,0,0,0,0,0,60,460,0.04,0.306,26,1341,213.529,372.916,201165.965,0,0,0,0,1,0,0,0,7.67,103.692,894.936,605.428,60,3,852,23,9522,29200,65535,2,32,0,0,0,0,0,0,0,0,BENIGN
443,92625081,47,36,24816,23832,857,21,528.0,268.692,1381,29,662.0,202.951,525.214,0.896,1115964.831,0,60835686,897,92625081,0,0,0,0,0,0,0,0,0,0,0,940,720,0.507,0.389,52,1369,672.109,237.558,17658.773,0,0,0,0,1,0,0,0,0.77,401.678,491.507,383.676,940,47,24816,36,23832,65535,65535,46,32,0,0,0,0,0,0,0,0,BENIGN
993,46041936,52,11,29380,15532,937,31,565.0,177.293,102,14,1412.0,9.579,975.459,1.368,730824.381,0,27160959,3766,46041936,0,0,0,0,0,0,0,0,0,0,0,1040,220,1.129,0.239,19,1153,474.443,280.038,76599.673,0,0,0,0,1,0,0,0,0.21,74.199,172.084,129.728,1040,52,29380,11,15532,29200,65535,51,32,0,0,0,0,0,0,0,0,BENIGN
80,59096079,11,28,15466,37016,66,27,1406.0,42.538,496,0,1322.0,112.562,888.079,0.66,1515284.077,0,24458347,4016,59096079,0,0,0,0,0,0,0,0,0,0,0,220,560,0.186,0.474,57,765,126.983,287.1,156061.787,0,0,0,1,1,0,0,0,2.55,97.828,363.157,671.624,220,11,15466,28,37016,-1,65535,10,32,0,0,0,0,0,0,0,0,BENIGN
22,48024788,113,144,104977,120960,122,8,929.0,274.221,270,13,840.0,166.874,4704.591,159.491,186866.879,0,21854754,2148,48024788,0,0,0,0,0,0,0,0,0,0,0,2260,2880,2.353,2.998,2,1145,336.602,339.067,102473.66,0,1,0,1,0,0,0,0,1.27,327.89,441.239,354.373,2260,113,104977,144,120960,29200,229,112,32,0,0,0,0,0,0,0,0,FTP-Patator
8080,103347327,24,32,9048,38400,738,12,377.0,220.407,1460,14,1200.0,329.707,459.112,0.542,1845487.982,0,76029836,3238,103347327,0,0,0,0,0,0,0,0,0,0,0,480,640,0.232,0.31,39,333,160.353,415.888,160055.426,0,0,0,1,0,0,0,0,1.33,413.374,240.488,648.914,480,24,9048,32,38400,29200,-1,23,20,0,0,0,0,0,0,0,0,BENIGN
8080,2071342,58,26,82012,37102,1265,32,1414.0,119.473,794,13,1427.0,332.323,57505.714,40.553,24658.833,0,1247075,3817,2071342,0,0,0,0,0,0,0,0,0,0,0,1160,520,28.001,12.552,27,333,58.319,200.125,62654.14,0,0,0,1,1,0,0,0,0.45,562.092,811.793,393.156,1160,58,82012,26,37102,-1,229,57,20,0,0,0,0,0,0,0,0,BENIGN
80,64007158,30,40,28320,25520,251,0,944.0,191.838,137,31,638.0,128.705,841.156,1.094,914387.971,0,31757739,484,64007158,0,0,0,0,0,0,0,0,0,0,0,600,800,0.469,0.625,36,1116,231.179,322.874,159815.584,0,0,0,0,1,0,0,0,1.33,897.616,679.495,414.484,600,30,28320,40,25520,8192,229,29,20,0,0,0,0,0,0,0,0,BENIGN
80,37680272,18,47,18018,18001,1405,37,1001.0,21.519,989,40,383.0,374.957,955.911,1.725,579696.492,0,34681002,3485,37680272,0,0,0,0,0,0,0,0,0,0,0,360,940,0.478,1.247,6,229,498.914,175.931,123964.637,0,0,0,0,1,0,0,0,2.61,818.134,111.799,442.11,360,18,18018,47,18001,-1,-1,17,20,0,0,0,0,0,0,0,0,BENIGN
993,102847395,30,8,32250,7880,1134,27,1075.0,132.186,74,11,985.0,66.543,390.19,0.369,2706510.395,0,80704656,347,102847395,0,0,0,0,0,0,0,0,0,0,0,600,160,0.292,0.078,33,653,661.692,55.981,243448.816,0,0,0,0,1,0,0,0,0.27,779.282,507.145,183.793,600,30,32250,8,7880,-1,229,29,32,0,0,0,0,0,0,0,0,BENIGN
993,106644417,29,7,28884,1813,350,23,996.0,132.874,493,9,259.0,106.096,287.844,0.338,2962344.917,0,104899592,4837,106644417,0,0,0,0,0,0,0,0,0,0,0,580,140,0.272,0.066,28,552,203.804,55.282,175015.689,0,0,0,0,0,0,0,0,0.24,229.95,145.042,582.791,580,29,28884,7,1813,8192,235,28,32,0,0,0,0,0,0,0,0,BENIGN
53,109810579,25,41,26975,22058,1197,3,1079.0,181.393,1403,40,538.0,273.446,446.523,0.601,1663796.652,0,14712436,3728,109810579,0,0,0,0,0,0,0,0,0,0,0,500,820,0.228,0.373,22,830,78.63,392.122,244732.612,0,0,0,1,1,0,0,0,1.64,483.701,596.778,189.44,500,25,26975,41,22058,65535,235,24,32,0,0,0,0,0,0,0,0,BENIGN
443,28479093,14,18,12600,23796,671,17,900.0,203.129,773,30,1322.0,388.608,1277.99,1.124,889971.656,0,10812750,3045,28479093,0,0,0,0,0,0,0,0,0,0,0,280,360,0.492,0.632,59,660,176.793,12.874,110049.074,0,0,0,1,0,0,0,0,1.29,503.812,245.685,836.363,280,14,12600,18,23796,65535,235,13,32,0,0,0,0,0,0,0,0,BENIGN
8080,72309723,30,41,7950,52398,585,14,265.0,62.016,1073,26,1278.0,207.027,834.577,0.982,1018446.803,0,17590073,2432,72309723,0,0,0,0,0,0,0,0,0,0,0,600,820,0.415,0.567,28,278,303.614,269.814,162098.562,0,0,0,0,1,0,0,0,1.37,580.925,402.44,754.741,600,30,7950,41,52398,65535,65535,29,20,0,0,0,0,0,0,0,0,BENIGN
3389,48798580,229,166,15801,162514,1023,12,69.0,281.785,176,35,979.0,50.256,3654.102,252.766,123540.709,0,48119589,4380,48798580,0,0,0,0,0,0,0,0,0,0,0,4580,3320,4.693,3.402,2,976,476.93,483.486,214776.656,0,1,0,1,1,0,0,0,0.72,353.381,226.547,579.368,4580,229,15801,166,162514,-1,235,228,32,0,0,0,0,0,0,0,0,SSH-Patator
993,77962577,15,26,14580,31278,1184,33,972.0,41.252,1198,15,1203.0,304.717,588.205,0.526,1901526.268,0,31417492,2086,77962577,0,0,0,0,0,0,0,0,0,0,0,300,520,0.192,0.333,42,637,280.608,264.664,189195.382,0,0,0,0,0,0,0,0,1.73,490.275,249.989,304.241,300,15,14580,26,31278,8192,229,14,32,0,0,0,0,0,0,0,0,BENIGN
21,31041224,325,178,281125,39160,1450,37,865.0,73.677,914,38,220.0,92.13,10318.053,502.159,61712.175,0,10086118,1937,31041224,0,0,0,0,0,0,0,0,0,0,0,6500,3560,10.47,5.734,49,1424,245.807,6.813,138359.957,0,1,0,0,1,0,0,0,0.55,238.369,221.135,781.783,6500,325,281125,178,39160,-1,229,324,32,0,0,0,0,0,0,0,0,DoS GoldenEye
23,30876218,268,176,280596,75856,1042,28,1047.0,57.78,525,1,431.0,292.87,11544.549,319.093,69541.032,0,626156,3530,30876218,0,0,0,0,0,0,0,0,0,0,0,5360,3520,8.68,5.7,39,496,390.792,355.029,64692.913,0,1,0,0,0,0,0,0,0.66,53.557,783.326,355.21,5360,268,280596,176,75856,29200,65535,267,32,0,0,0,0,0,0,0,0,DoS GoldenEye
8080,18869335,5,26,7285,15652,512,12,1457.0,20.989,306,25,602.0,260.22,1215.57,1.643,608688.226,0,18308812,4346,18869335,0,0,0,0,0,0,0,0,0,0,0,100,520,0.265,1.378,23,524,652.448,109.969,151992.637,0,0,0,0,1,0,0,0,5.2,159.915,707.035,198.53,100,5,7285,26,15652,8192,65535,4,32,0,0,0,0,0,0,0,0,BENIGN
22,80032550,72,163,70272,130237,793,17,976.0,164.786,285,26,799.0,173.164,2505.343,9.153,340564.043,0,20480460,252,80032550,0,0,0,0,0,0,0,0,0,0,0,1440,3260,0.9,2.037,55,375,337.315,123.024,211117.889,0,1,0,0,0,0,0,0,2.26,199.977,655.522,511.63,1440,72,70272,163,130237,65535,65535,71,32,0,0,0,0,0,0,0,0,DDoS
23,35226389,327,110,203721,66880,905,11,623.0,333.444,677,17,608.0,97.905,7681.769,449.476,80609.586,0,1379159,4218,35226389,0,0,0,0,0,0,0,0,0,0,0,6540,2200,9.283,3.123,34,1186,129.43,208.311,199878.23,0,1,0,1,0,0,0,0,0.34,790.12,401.326,152.005,6540,327,203721,110,66880,29200,-1,326,20,0,0,0,0,0,0,0,0,SSH-Patator
993,53155362,18,29,9828,39643,891,4,546.0,140.681,1238,14,1367.0,383.421,930.687,0.884,1130965.149,0,38952763,327,53155362,0,0,0,0,0,0,0,0,0,0,0,360,580,0.339,0.546,19,1454,560.242,270.981,10863.984,0,0,0,1,0,0,0,0,1.61,396.23,167.049,509.796,360,18,9828,29,39643,29200,235,17,32,0,0,0,0,0,0,0,0,BENIGN
23,117167301,297,201,171369,234366,1274,30,577.0,43.86,898,37,1166.0,207.247,3462.869,57.718,235275.705,0,46860647,3047,117167301,0,0,0,0,0,0,0,0,0,0,0,5940,4020,2.535,1.715,44,98,526.553,308.742,103605.03,0,0,0,1,0,0,0,0,0.68,661.468,204.451,772.517,5940,297,171369,201,234366,29200,229,296,32,0,0,0,0,0,0,0,0,FTP-Patator
443,30027667,57,26,8835,23322,544,38,155.0,301.313,816,38,897.0,71.796,1070.912,2.764,361779.12,0,26418651,1649,30027667,0,0,0,0,0,0,0,0,0,0,0,1140,520,1.898,0.866,45,154,336.469,393.412,161352.767,0,0,0,1,1,0,0,0,0.46,285.336,635.176,528.038,1140,57,8835,26,23322,29200,65535,56,32,0,0,0,0,0,0,0,0,BENIGN
53,4089369,13,28,18967,1988,1346,7,1459.0,37.065,1123,21,71.0,293.255,5124.262,10.026,99740.707,0,225402,11,4089369,0,0,0,0,0,0,0,0,0,0,0,260,560,3.179,6.847,7,153,328.914,138.488,126212.452,0,0,0,1,0,0,0,0,2.15,448.46,99.195,774.09,260,13,18967,28,1988,65535,-1,12,20,0,0,0,0,0,0,0,0,BENIGN
3389,80772997,347,229,387252,184574,278,17,1116.0,53.263,1302,13,806.0,396.112,7079.42,109.481,140230.898,0,61740271,4698,80772997,0,0,0,0,0,0,0,0,0,0,0,6940,4580,4.296,2.835,21,947,333.012,135.083,92823.366,0,1,0,1,1,0,0,0,0.66,190.639,764.264,102.239,6940,347,387252,229,184574,65535,235,346,32,0,0,0,0,0,0,0,0,DoS Hulk
53,80369014,54,28,34020,2240,1230,28,630.0,208.367,1424,18,80.0,327.831,451.169,1.02,980109.927,0,39868144,2343,80369014,0,0,0,0,0,0,0,0,0,0,0,1080,560,0.672,0.348,45,279,331.288,50.909,176115.299,0,0,0,1,1,0,0,0,0.52,841.037,824.018,774.608,1080,54,34020,28,2240,-1,-1,53,20,0,0,0,0,0,0,0,0,BENIGN
3389,56288930,14,98,14014,69286,1007,13,1001.0,196.628,976,10,707.0,325.503,1479.865,50.769,502579.732,0,31580131,3012,56288930,0,0,0,0,0,0,0,0,0,0,0,280,1960,0.249,1.741,5,1173,230.646,378.489,21032.714,0,1,0,1,1,0,0,0,7.0,834.903,204.162,783.528,280,14,14014,98,69286,29200,-1,13,32,0,0,0,0,0,0,0,0,Bot
53,12862585,50,33,23700,41844,710,34,474.0,242.92,338,36,1268.0,166.241,5095.71,6.453,154970.904,0,10908617,2609,12862585,0,0,0,0,0,0,0,0,0,0,0,1000,660,3.887,2.566,46,796,625.002,337.563,96176.364,0,0,0,1,1,0,0,0,0.66,358.908,484.302,101.654,1000,50,23700,33,41844,-1,229,49,32,0,0,0,0,0,0,0,0,BENIGN
8080,39936314,5,23,5650,20539,1117,35,1130.0,225.466,63,35,893.0,192.512,655.769,0.701,1426296.929,0,35074343,4197,39936314,0,0,0,0,0,0,0,0,0,0,0,100,460,0.125,0.576,38,779,122.275,347.83,33179.639,0,0,0,1,0,0,0,0,4.6,68.358,509.138,114.551,100,5,5650,23,20539,-1,229,4,32,0,0,0,0,0,0,0,0,BENIGN
123,3010349,28,50,18620,71550,287,35,665.0,310.186,324,24,1431.0,148.235,29953.338,25.911,38594.218,0,939719,2986,3010349,0,0,0,0,0,0,0,0,0,0,0,560,1000,9.301,16.609,2,1420,887.989,59.559,62851.378,0,0,0,0,1,0,0,0,1.79,771.167,302.005,313.034,560,28,18620,50,71550,8192,65535,27,32,0,0,0,0,0,0,0,0,BENIGN
53,30280058,14,20,700,22420,1315,39,50.0,58.155,365,6,1121.0,99.574,763.539,1.123,890589.941,0,11562588,4809,30280058,0,0,0,0,0,0,0,0,0,0,0,280,400,0.462,0.661,26,878,519.185,82.649,180820.296,0,0,0,0,0,0,0,0,1.43,285.335,61.216,544.721,280,14,700,20,22420,29200,65535,13,32,0,0,0,0,0,0,0,0,BENIGN
3389,12200941,321,128,314901,171904,184,37,981.0,191.737,784,30,1343.0,398.645,39898.972,1372.937,27173.588,0,11133479,4912,12200941,0,0,0,0,0,0,0,0,0,0,0,6420,2560,26.309,10.491,15,685,348.766,325.542,205473.546,0,1,0,1,1,0,0,0,0.4,193.584,397.692,406.695,6420,321,314901,128,171904,65535,229,320,32,0,0,0,0,0,0,0,0,Bot
443,77002770,6,6,8334,2634,157,2,1389.0,68.161,117,32,439.0,164.707,142.436,0.156,6416897.5,0,9588464,4956,77002770,0,0,0,0,0,0,0,0,0,0,0,120,120,0.078,0.078,60,150,158.38,402.825,141269.619,0,0,0,1,1,0,0,0,1.0,640.467,331.038,492.401,120,6,8334,6,2634,65535,235,5,20,0,0,0,0,0,0,0,0,BENIGN
443,30069399,46,26,2300,22334,577,24,50.0,66.725,201,13,859.0,155.606,819.238,2.394,417630.542,0,17837599,1875,30069399,0,0,0,0,0,0,0,0,0,0,0,920,520,1.53,0.865,5,884,286.274,197.385,120313.6,0,0,0,0,0,0,0,0,0.57,832.774,496.757,266.993,920,46,2300,26,22334,-1,229,45,20,0,0,0,0,0,0,0,0,BENIGN
23,31486388,298,213,389784,103092,724,19,1308.0,101.455,1457,9,484.0,4.255,15653.621,250.816,61617.198,0,4089253,1909,31486388,0,0,0,0,0,0,0,0,0,0,0,5960,4260,9.464,6.765,46,291,855.33,191.425,126884.584,0,1,0,1,1,0,0,0,0.71,873.926,895.006,821.083,5960,298,389784,213,103092,65535,65535,297,20,0,0,0,0,0,0,0,0,DDoS
443,38119151,33,23,47982,8648,564,12,1454.0,27.73,1369,18,376.0,399.032,1485.605,1.469,680699.125,0,21435931,4128,38119151,0,0,0,0,0,0,0,0,0,0,0,660,460,0.866,0.603,10,1364,630.844,220.663,130099.154,0,0,0,1,0,0,0,0,0.7,248.106,335.679,347.06,660,33,47982,23,8648,29200,229,32,20,0,0,0,0,0,0,0,0,BENIGN
445,117382667,299,36,121992,39708,267,4,408.0,91.277,1028,37,1103.0,357.383,1377.546,26.864,350396.021,0,68263669,1995,117382667,0,0,0,0,0,0,0,0,0,0,0,5980,720,2.547,0.307,25,1350,613.303,223.563,142759.944,0,1,0,0,1,0,0,0,0.12,113.289,678.124,704.403,5980,299,121992,36,39708,65535,229,298,32,0,0,0,0,0,0,0,0,SSH-Patator
123,30639096,57,2,25821,1932,241,37,453.0,363.091,715,21,966.0,96.528,905.803,1.926,519306.712,0,14523364,2235,30639096,0,0,0,0,0,0,0,0,0,0,0,1140,40,1.86,0.065,47,1456,591.056,149.269,185275.755,0,0,0,0,0,0,0,0,0.04,698.703,569.942,887.567,1140,57,25821,2,1932,65535,65535,56,32,0,0,0,0,0,0,0,0,BENIGN
445,100053225,265,44,166155,63580,848,14,627.0,377.301,614,24,1445.0,252.138,2296.128,68.406,323796.845,0,6033014,2719,100053225,0,0,0,0,0,0,0,0,0,0,0,5300,880,2.649,0.44,27,108,379.114,26.42,123812.56,0,0,0,0,1,0,0,0,0.17,679.306,692.686,607.793,5300,265,166155,44,63580,8192,229,264,20,0,0,0,0,0,0,0,0,SSH-Patator
443,73064616,50,32,49950,24512,271,39,999.0,35.67,288,26,766.0,60.998,1019.125,1.122,891031.902,0,25326043,3795,73064616,0,0,0,0,0,0,0,0,0,0,0,1000,640,0.684,0.438,41,499,585.095,437.059,190900.866,0,0,0,1,1,0,0,0,0.64,600.953,541.483,439.432,1000,50,49950,32,24512,29200,229,49,32,0,0,0,0,0,0,0,0,BENIGN
445,81371382,198,231,110286,197736,1390,27,557.0,288.432,979,25,856.0,88.997,3785.385,87.747,189676.881,0,20477630,3785,81371382,0,0,0,0,0,0,0,0,0,0,0,3960,4620,2.433,2.839,30,509,590.749,52.939,119107.515,0,1,0,1,1,0,0,0,1.17,612.626,713.226,387.903,3960,198,110286,231,197736,65535,-1,197,32,0,0,0,0,0,0,0,0,PortScan
8080,45971223,52,40,16796,50080,940,23,323.0,169.663,1397,34,1252.0,131.683,1454.736,2.001,499687.207,0,24584424,3781,45971223,0,0,0,0,0,0,0,0,0,0,0,1040,800,1.131,0.87,31,1311,415.776,281.394,29061.267,0,0,0,1,1,0,0,0,0.77,293.252,183.83,491.0,1040,52,16796,40,50080,65535,65535,51,32,0,0,0,0,0,0,0,0,BENIGN
8080,28731099,15,0,18060,0,778,25,1204.0,186.144,542,15,0.0,26.193,628.587,0.522,1915406.6,0,11438386,329,28731099,0,0,0,0,0,0,0,0,0,0,0,300,0,0.522,0.0,17,879,525.516,229.832,32885.262,0,0,0,1,1,0,0,0,0.0,822.449,816.901,265.177,300,15,18060,0,0,-1,235,14,20,0,0,0,0,0,0,0,0,BENIGN
22,92246047,284,89,239980,57672,240,19,845.0,206.183,962,38,648.0,90.274,3226.718,16.353,247308.437,0,16239990,3157,92246047,0,0,0,0,0,0,0,0,0,0,0,5680,1780,3.079,0.965,5,1010,487.867,381.481,92114.505,0,1,0,1,0,0,0,0,0.31,791.489,365.918,522.117,5680,284,239980,89,57672,8192,65535,283,32,0,0,0,0,0,0,0,0,FTP-Patator
993,86142215,47,1,2491,813,335,34,53.0,270.274,163,4,813.0,392.115,38.355,0.557,1794629.479,0,46040328,2753,86142215,0,0,0,0,0,0,0,0,0,0,0,940,20,0.546,0.012,58,1269,42.106,399.331,21966.631,0,0,0,1,1,0,0,0,0.02,610.525,890.948,416.283,940,47,2491,1,813,65535,229,46,20,0,0,0,0,0,0,0,0,BENIGN
21,103455111,271,207,20867,138276,323,18,77.0,117.248,1280,28,668.0,154.02,1538.281,50.259,216433.287,0,89400418,4384,103455111,0,0,0,0,0,0,0,0,0,0,0,5420,4140,2.619,2.001,1,1414,95.792,185.98,158516.011,0,1,0,0,0,0,0,0,0.76,285.193,185.752,250.773,5420,271,20867,207,138276,29200,235,270,32,0,0,0,0,0,0,0,0,DDoS
80,43423232,22,13,26994,11804,1318,0,1227.0,321.155,468,24,908.0,221.752,893.485,0.806,1240663.771,0,12655745,4237,43423232,0,0,0,0,0,0,0,0,0,0,0,440,260,0.507,0.299,28,70,267.485,320.479,194821.021,0,0,0,1,0,0,0,0,0.59,748.693,411.586,480.791,440,22,26994,13,11804,65535,-1,21,32,0,0,0,0,0,0,0,0,BENIGN
53,80217191,29,16,5858,16896,533,28,202.0,261.076,240,5,1056.0,363.108,283.655,0.561,1782604.244,0,11057593,3256,80217191,0,0,0,0,0,0,0,0,0,0,0,580,320,0.362,0.199,59,1431,86.597,297.778,180143.014,0,0,0,1,1,0,0,0,0.55,562.381,406.415,187.417,580,29,5858,16,16896,29200,229,28,20,0,0,0,0,0,0,0,0,BENIGN
80,68342632,51,2,7905,432,1195,6,155.0,106.815,373,7,216.0,248.092,121.988,0.776,1289483.623,0,36724632,3825,68342632,0,0,0,0,0,0,0,0,0,0,0,1020,40,0.746,0.029,4,835,129.806,202.458,138826.114,0,0,0,1,0,0,0,0,0.04,179.751,532.997,722.303,1020,51,7905,2,432,29200,-1,50,20,0,0,0,0,0,0,0,0,BENIGN
80,30339068,15,16,11145,3056,327,23,743.0,9.762,367,21,191.0,365.772,468.076,1.022,978679.613,0,27483148,2497,30339068,0,0,0,0,0,0,0,0,0,0,0,300,320,0.494,0.527,18,324,728.813,289.994,61746.903,0,0,0,0,1,0,0,0,1.07,162.082,772.01,657.048,300,15,11145,16,3056,8192,229,14,32,0,0,0,0,0,0,0,0,BENIGN
23,50317938,191,109,108297,122407,234,38,567.0,100.728,1029,11,1123.0,393.893,4584.926,131.195,167726.46,0,562984,980,50317938,0,0,0,0,0,0,0,0,0,0,0,3820,2180,3.796,2.166,41,145,158.83,103.496,33907.137,0,1,0,0,0,0,0,0,0.57,355.81,812.508,632.611,3820,191,108297,109,122407,-1,-1,190,32,0,0,0,0,0,0,0,0,Bot
443,17744363,58,32,84332,35040,639,31,1454.0,216.058,1179,31,1095.0,213.781,6727.32,5.072,197159.589,0,15939817,1094,17744363,0,0,0,0,0,0,0,0,0,0,0,1160,640,3.269,1.803,12,1013,555.806,441.42,83986.343,0,0,0,1,1,0,0,0,0.55,739.01,259.915,359.594,1160,58,84332,32,35040,8192,65535,57,20,0,0,0,0,0,0,0,0,BENIGN
23,105353780,213,250,112038,212000,72,15,526.0,318.926,1420,10,848.0,280.33,3075.713,73.25,227545.961,0,34057028,7,105353780,0,0,0,0,0,0,0,0,0,0,0,4260,5000,2.022,2.373,21,1328,168.285,85.372,68761.525,0,1,0,1,0,0,0,0,1.17,785.749,409.978,188.847,4260,213,112038,250,212000,-1,229,212,32,0,0,0,0,0,0,0,0,DoS GoldenEye
443,14488767,22,22,26862,23650,212,0,1221.0,200.591,815,37,1075.0,275.863,3486.287,3.037,329290.159,0,10106076,4069,14488767,0,0,0,0,0,0,0,0,0,0,0,440,440,1.518,1.518,5,231,162.125,4.772,132609.612,0,0,0,1,0,0,0,0,1.0,279.702,143.652,809.764,440,22,26862,22,23650,8192,229,21,20,0,0,0,0,0,0,0,0,BENIGN
80,60309831,16,37,2784,26714,750,4,174.0,35.126,1398,9,722.0,355.825,489.108,0.879,1137921.34,0,21564359,1502,60309831,0,0,0,0,0,0,0,0,0,0,0,320,740,0.265,0.613,47,1051,488.907,322.874,203019.592,0,0,0,0,0,0,0,0,2.31,91.004,854.802,280.326,320,16,2784,37,26714,65535,229,15,20,0,0,0,0,0,0,0,0,BENIGN
53,99132016,32,46,10560,20516,1412,37,330.0,203.074,718,10,446.0,0.223,313.481,0.787,1270923.282,0,71094127,908,99132016,0,0,0,0,0,0,0,0,0,0,0,640,920,0.323,0.464,34,1073,475.463,380.545,192089.153,0,0,0,0,0,0,0,0,1.44,92.044,808.811,646.141,640,32,10560,46,20516,29200,-1,31,20,0,0,0,0,0,0,0,0,BENIGN
445,3219348,47,282,39057,34968,514,23,831.0,302.194,307,5,124.0,80.65,22993.786,1022.289,9785.252,0,871477,3626,3219348,0,0,0,0,0,0,0,0,0,0,0,940,5640,14.599,87.595,47,982,255.723,444.334,102905.211,0,1,0,1,1,0,0,0,6.0,160.259,796.138,59.906,940,47,39057,282,34968,65535,-1,46,32,0,0,0,0,0,0,0,0,DoS GoldenEye
23,29778429,296,140,266696,9100,1103,9,901.0,226.832,1087,0,65.0,240.603,9261.603,515.063,68299.149,0,20171783,1476,29778429,0,0,0,0,0,0,0,0,0,0,0,5920,2800,9.94,4.701,46,479,689.361,221.26,212028.952,0,1,0,1,1,0,0,0,0.47,874.107,248.554,768.778,5920,296,266696,140,9100,8192,235,295,20,0,0,0,0,0,0,0,0,SSH-Patator
123,43842498,57,6,9177,8028,433,33,161.0,131.517,571,22,1338.0,16.827,392.427,1.437,695912.667,0,20375384,496,43842498,0,0,0,0,0,0,0,0,0,0,0,1140,120,1.3,0.137,15,432,452.09,199.784,174501.448,0,0,0,0,1,0,0,0,0.11,683.769,801.95,241.419,1140,57,9177,6,8028,65535,-1,56,20,0,0,0,0,0,0,0,0,BENIGN
80,34562346,60,21,70200,29610,520,36,1170.0,253.44,1389,3,1410.0,206.061,2887.825,2.344,426695.63,0,29781537,3119,34562346,0,0,0,0,0,0,0,0,0,0,0,1200,420,1.736,0.608,44,471,63.935,456.881,1234.938,0,0,0,0,0,0,0,0,0.35,807.998,397.623,782.822,1200,60,70200,21,29610,29200,-1,59,20,0,0,0,0,0,0,0,0,BENIGN
23,75012052,137,83,76172,50713,1358,31,556.0,241.951,326,34,611.0,369.05,1691.528,45.146,340963.873,0,71282422,4888,75012052,0,0,0,0,0,0,0,0,0,0,0,2740,1660,1.826,1.106,11,579,113.99,127.975,242989.998,0,1,0,0,1,0,0,0,0.61,662.61,657.935,333.159,2740,137,76172,83,50713,65535,-1,136,32,0,0,0,0,0,0,0,0,DoS GoldenEye
993,102530059,28,13,29316,3172,105,3,1047.0,392.575,1165,11,244.0,132.922,316.863,0.4,2500733.146,0,80147057,327,102530059,0,0,0,0,0,0,0,0,0,0,0,560,260,0.273,0.127,1,497,391.55,246.971,230621.156,0,0,0,0,0,0,0,0,0.46,541.155,158.5,714.574,560,28,29316,13,3172,65535,-1,27,20,0,0,0,0,0,0,0,0,BENIGN
23,48911315,247,78,177840,14586,564,1,720.0,289.208,620,27,187.0,241.923,3934.182,98.178,150496.354,0,7037763,1148,48911315,0,0,0,0,0,0,0,0,0,0,0,4940,1560,5.05,1.595,45,414,821.936,288.096,148734.85,0,1,0,0,0,0,0,0,0.32,819.064,679.189,666.125,4940,247,177840,78,14586,29200,235,246,20,0,0,0,0,0,0,0,0,DoS GoldenEye
123,91801890,1,14,1301,19586,859,3,1301.0,313.11,328,7,1399.0,329.002,227.523,0.163,6120126.0,0,91240780,586,91801890,0,0,0,0,0,0,0,0,0,0,0,20,280,0.011,0.153,42,636,760.775,297.696,132863.89,0,0,0,1,0,0,0,0,14.0,243.124,113.826,135.551,20,1,1301,14,19586,65535,235,0,32,0,0,0,0,0,0,0,0,BENIGN
123,36088893,53,40,32436,17320,60,12,612.0,187.375,604,14,433.0,325.614,1378.707,2.577,388052.613,0,509223,4071,36088893,0,0,0,0,0,0,0,0,0,0,0,1060,800,1.469,1.108,1,1250,734.217,432.586,215899.415,0,0,0,0,0,0,0,0,0.75,60.23,777.404,362.208,1060,53,32436,40,17320,29200,-1,52,20,0,0,0,0,0,0,0,0,BENIGN
993,44203800,3,9,2025,2475,543,2,675.0,71.394,1304,33,275.0,131.366,101.801,0.271,3683650.0,0,3255177,4007,44203800,0,0,0,0,0,0,0,0,0,0,0,60,180,0.068,0.204,20,1087,428.114,328.974,173697.171,0,0,0,0,0,0,0,0,3.0,510.663,498.809,815.178,60,3,2025,9,2475,29200,-1,2,32,0,0,0,0,0,0,0,0,BENIGN
123,34079275,20,30,21900,28860,686,39,1095.0,239.969,1094,14,962.0,356.343,1489.468,1.467,681585.5,0,23703518,3750,34079275,0,0,0,0,0,0,0,0,0,0,0,400,600,0.587,0.88,8,963,191.572,121.887,23928.94,0,0,0,1,1,0,0,0,1.5,726.153,430.627,488.318,400,20,21900,30,28860,8192,-1,19,32,0,0,0,0,0,0,0,0,BENIGN
8080,19878578,48,49,4752,50225,1218,33,99.0,169.971,454,19,1025.0,191.173,2765.64,4.88,204933.794,0,10265411,2109,19878578,0,0,0,0,0,0,0,0,0,0,0,960,980,2.415,2.465,12,1278,340.256,312.642,75715.918,0,0,0,0,0,0,0,0,1.02,706.381,646.224,564.494,960,48,4752,49,50225,8192,229,47,20,0,0,0,0,0,0,0,0,BENIGN
8080,105264893,58,37,77256,14393,153,9,1332.0,338.421,77,16,389.0,101.413,870.651,0.902,1108051.505,0,53651635,2064,105264893,0,0,0,0,0,0,0,0,0,0,0,1160,740,0.551,0.351,55,567,839.666,135.78,62226.172,0,0,0,1,0,0,0,0,0.64,323.744,128.374,866.599,1160,58,77256,37,14393,8192,65535,57,20,0,0,0,0,0,0,0,0,BENIGN
21,39512127,126,106,57834,62964,1135,16,459.0,113.7,1210,16,594.0,286.02,3057.239,72.636,170310.892,0,15161275,3839,39512127,0,0,0,0,0,0,0,0,0,0,0,2520,2120,3.189,2.683,8,431,483.2,199.858,111706.955,0,1,0,0,0,0,0,0,0.84,854.154,65.679,762.798,2520,126,57834,106,62964,-1,229,125,20,0,0,0,0,0,0,0,0,FTP-Patator
8080,57878072,17,10,13787,11830,947,0,811.0,49.735,1267,0,1183.0,108.719,442.603,0.466,2143632.296,0,15710533,3811,57878072,0,0,0,0,0,0,0,0,0,0,0,340,200,0.294,0.173,19,123,380.891,321.831,101854.718,0,0,0,0,0,0,0,0,0.59,775.568,415.47,721.56,340,17,13787,10,11830,65535,235,16,20,0,0,0,0,0,0,0,0,BENIGN
993,85444984,37,46,41070,10120,856,15,1110.0,296.279,114,22,220.0,344.768,599.099,0.971,1029457.639,0,63554470,2642,85444984,0,0,0,0,0,0,0,0,0,0,0,740,920,0.433,0.538,53,232,414.53,206.809,236833.283,0,0,0,0,0,0,0,0,1.24,183.068,187.838,300.291,740,37,41070,46,10120,65535,65535,36,32,0,0,0,0,0,0,0,0,BENIGN
80,110362383,22,20,23760,5660,944,30,1080.0,271.468,938,30,283.0,197.563,266.576,0.381,2627675.786,0,2836083,487,110362383,0,0,0,0,0,0,0,0,0,0,0,440,400,0.199,0.181,43,1240,353.126,393.925,70523.221,0,0,0,1,1,0,0,0,0.91,442.459,149.827,516.295,440,22,23760,20,5660,-1,-1,21,32,0,0,0,0,0,0,0,0,BENIGN
8080,43130670,55,26,40920,15496,969,4,744.0,309.029,216,9,596.0,56.389,1308.025,1.878,532477.407,0,35486500,416,43130670,0,0,0,0,0,0,0,0,0,0,0,1100,520,1.275,0.603,36,839,122.077,433.153,205274.966,0,0,0,0,1,0,0,0,0.47,860.66,634.584,373.075,1100,55,40920,26,15496,-1,-1,54,20,0,0,0,0,0,0,0,0,BENIGN
443,71164117,43,50,27864,22850,848,40,648.0,144.439,548,15,457.0,398.779,712.634,1.307,765205.559,0,28433568,1704,71164117,0,0,0,0,0,0,0,0,0,0,0,860,1000,0.604,0.703,11,1146,838.111,101.639,59523.308,0,0,0,0,0,0,0,0,1.16,246.018,816.239,70.715,860,43,27864,50,22850,65535,229,42,20,0,0,0,0,0,0,0,0,BENIGN
80,57816169,27,13,10422,9776,699,5,386.0,189.944,474,16,752.0,19.662,349.349,0.692,1445404.225,0,32181170,1633,57816169,0,0,0,0,0,0,0,0,0,0,0,540,260,0.467,0.225,56,1318,677.479,398.647,135778.186,0,0,0,0,1,0,0,0,0.48,338.197,196.147,489.208,540,27,10422,13,9776,65535,235,26,32,0,0,0,0,0,0,0,0,BENIGN
445,82640540,85,102,19295,110670,1429,37,227.0,312.052,956,20,1085.0,84.924,1572.654,45.889,441928.021,0,5705682,1310,82640540,0,0,0,0,0,0,0,0,0,0,0,1700,2040,1.029,1.234,44,801,356.167,145.428,20909.22,0,1,0,1,1,0,0,0,1.2,240.929,76.4,419.158,1700,85,19295,102,110670,8192,229,84,20,0,0,0,0,0,0,0,0,Bot
21,80312894,239,139,217251,30858,498,3,909.0,154.591,464,34,222.0,217.129,3089.28,180.662,212467.974,0,18695230,1944,80312894,0,0,0,0,0,0,0,0,0,0,0,4780,2780,2.976,1.731,43,890,275.481,89.573,68023.995,0,0,0,1,1,0,0,0,0.58,418.518,199.741,455.939,4780,239,217251,139,30858,29200,229,238,20,0,0,0,0,0,0,0,0,FTP-Patator
443,98179230,13,46,14014,22356,1208,22,1078.0,317.512,658,28,486.0,287.448,370.445,0.601,1664054.746,0,51258045,3996,98179230,0,0,0,0,0,0,0,0,0,0,0,260,920,0.132,0.469,28,1093,487.35,405.041,220404.033,0,0,0,1,1,0,0,0,3.54,649.639,747.582,817.475,260,13,14014,46,22356,8192,65535,12,32,0,0,0,0,0,0,0,0,BENIGN
53,27515870,52,17,59800,901,262,9,1150.0,327.464,571,22,53.0,87.577,2206.036,2.508,398780.725,0,12681645,4796,27515870,0,0,0,0,0,0,0,0,0,0,0,1040,340,1.89,0.618,25,1318,102.577,221.959,222336.028,0,0,0,0,1,0,0,0,0.33,667.363,625.17,383.948,1040,52,59800,17,901,8192,235,51,32,0,0,0,0,0,0,0,0,BENIGN
53,1056863,56,28,66920,9940,639,6,1195.0,58.039,70,24,355.0,379.758,72724.658,79.481,12581.702,0,1024758,4840,1056863,0,0,0,0,0,0,0,0,0,0,0,1120,560,52.987,26.494,36,358,893.604,419.966,234484.61,0,0,0,0,0,0,0,0,0.5,614.451,619.77,767.175,1120,56,66920,28,9940,65535,235,55,32,0,0,0,0,0,0,0,0,BENIGN
23,44907017,8,131,11032,84102,138,2,1379.0,293.354,90,11,642.0,374.041,2118.466,118.661,323072.065,0,39656145,2283,44907017,0,0,0,0,0,0,0,0,0,0,0,160,2620,0.178,2.917,18,1457,385.441,334.817,186183.12,0,1,0,1,0,0,0,0,16.38,248.635,141.13,864.029,160,8,11032,131,84102,29200,229,7,32,0,0,0,0,0,0,0,0,DDoS
22,99840713,91,50,116844,38100,1110,0,1284.0,121.951,725,21,762.0,96.485,1551.912,13.459,708090.163,0,59963954,4775,99840713,0,0,0,0,0,0,0,0,0,0,0,1820,1000,0.911,0.501,31,1276,360.123,169.694,11867.061,0,1,0,1,0,0,0,0,0.55,207.426,857.15,190.204,1820,91,116844,50,38100,8192,-1,90,20,0,0,0,0,0,0,0,0,SSH-Patator
443,113903973,4,19,1808,7695,201,9,452.0,316.195,181,35,405.0,74.846,83.43,0.202,4952346.652,0,88399412,3901,113903973,0,0,0,0,0,0,0,0,0,0,0,80,380,0.035,0.167,10,953,482.917,168.539,41667.213,0,0,0,1,1,0,0,0,4.75,768.474,43.346,345.097,80,4,1808,19,7695,-1,65535,3,20,0,0,0,0,0,0,0,0,BENIGN
22,44440824,230,283,103960,408086,239,22,452.0,282.446,113,22,1442.0,340.399,11521.974,168.306,86629.287,0,11208669,4273,44440824,0,0,0,0,0,0,0,0,0,0,0,4600,5660,5.175,6.368,12,280,470.718,102.295,126698.909,0,0,0,1,0,0,0,0,1.23,213.849,307.52,126.275,4600,230,103960,283,408086,65535,235,229,20,0,0,0,0,0,0,0,0,SSH-Patator
993,44713094,13,11,13858,14069,340,32,1066.0,315.664,282,8,1279.0,44.587,624.582,0.537,1863045.583,0,16159945,2965,44713094,0,0,0,0,0,0,0,0,0,0,0,260,220,0.291,0.246,20,910,451.116,97.186,201646.647,0,0,0,1,0,0,0,0,0.85,393.316,369.228,267.887,260,13,13858,11,14069,-1,65535,12,32,0,0,0,0,0,0,0,0,BENIGN
8080,38815183,52,43,75140,9116,43,26,1445.0,296.982,536,35,212.0,399.109,2170.697,2.447,408580.874,0,27116651,3126,38815183,0,0,0,0,0,0,0,0,0,0,0,1040,860,1.34,1.108,34,440,463.626,146.97,104464.388,0,0,0,1,1,0,0,0,0.83,287.855,431.751,230.989,1040,52,75140,43,9116,8192,65535,51,32,0,0,0,0,0,0,0,0,BENIGN
443,72036594,30,40,29430,2760,350,10,981.0,199.946,1010,19,69.0,16.027,446.856,0.972,1029094.2,0,43509987,751,72036594,0,0,0,0,0,0,0,0,0,0,0,600,800,0.416,0.555,22,272,150.383,63.539,48573.471,0,0,0,0,1,0,0,0,1.33,52.288,468.104,587.908,600,30,29430,40,2760,65535,229,29,20,0,0,0,0,0,0,0,0,BENIGN
443,62571941,49,16,50813,2224,771,34,1037.0,347.121,1185,10,139.0,352.416,847.616,1.039,962645.246,0,3177945,124,62571941,0,0,0,0,0,0,0,0,0,0,0,980,320,0.783,0.256,40,134,118.897,292.697,112669.113,0,0,0,1,0,0,0,0,0.33,274.036,438.384,252.395,980,49,50813,16,2224,65535,235,48,20,0,0,0,0,0,0,0,0,BENIGN
53,29339788,43,29,5805,15776,1238,29,135.0,319.861,542,23,544.0,247.001,735.554,2.454,407497.056,0,16687163,2587,29339788,0,0,0,0,0,0,0,0,0,0,0,860,580,1.466,0.988,50,899,311.6,341.902,39484.487,0,0,0,1,1,0,0,0,0.67,477.17,553.295,253.443,860,43,5805,29,15776,-1,235,42,32,0,0,0,0,0,0,0,0,BENIGN
443,2829297,55,6,50105,8046,1152,8,911.0,307.049,571,36,1341.0,162.844,20553.162,21.56,46381.918,0,11642,2157,2829297,0,0,0,0,0,0,0,0,0,0,0,1100,120,19.439,2.121,32,374,387.124,160.063,22338.473,0,0,0,1,0,0,0,0,0.11,633.458,866.922,326.782,1100,55,50105,6,8046,-1,229,54,32,0,0,0,0,0,0,0,0,BENIGN
445,44355731,65,171,50960,139536,531,21,784.0,267.445,621,13,816.0,189.26,4294.733,90.694,187948.013,0,26500806,2588,44355731,0,0,0,0,0,0,0,0,0,0,0,1300,3420,1.465,3.855,57,640,70.165,297.75,144920.449,0,1,0,0,1,0,0,0,2.63,762.339,845.3,198.085,1300,65,50960,171,139536,8192,235,64,32,0,0,0,0,0,0,0,0,Bot
80,39348878,50,4,28700,4364,49,29,574.0,376.906,388,36,1091.0,340.299,840.278,1.372,728682.926,0,10751900,1737,39348878,0,0,0,0,0,0,0,0,0,0,0,1000,80,1.271,0.102,32,1203,400.233,132.778,189433.143,0,0,0,1,0,0,0,0,0.08,101.674,666.875,541.505,1000,50,28700,4,4364,-1,65535,49,20,0,0,0,0,0,0,0,0,BENIGN
443,26041427,9,20,10071,9000,1028,35,1119.0,138.492,110,33,450.0,277.132,732.333,1.114,897980.241,0,3809295,948,26041427,0,0,0,0,0,0,0,0,0,0,0,180,400,0.346,0.768,15,1031,870.131,487.452,143050.067,0,0,0,0,0,0,0,0,2.22,820.321,424.031,323.129,180,9,10071,20,9000,65535,229,8,32,0,0,0,0,0,0,0,0,BENIGN
445,86702759,204,205,229092,181630,1021,16,1123.0,1.135,159,13,886.0,376.928,4737.127,50.384,211987.186,0,34441899,3823,86702759,0,0,0,0,0,0,0,0,0,0,0,4080,4100,2.353,2.364,33,604,136.323,36.275,111857.232,0,1,0,1,0,0,0,0,1.0,701.608,171.202,216.22,4080,204,229092,205,181630,29200,229,203,32,0,0,0,0,0,0,0,0,DoS Hulk
53,35089924,19,35,16530,2275,961,9,870.0,240.544,1352,40,65.0,217.97,535.909,1.539,649813.407,0,15252377,4936,35089924,0,0,0,0,0,0,0,0,0,0,0,380,700,0.541,0.997,41,696,668.127,496.01,106358.381,0,0,0,1,0,0,0,0,1.84,810.219,326.724,204.883,380,19,16530,35,2275,29200,235,18,32,0,0,0,0,0,0,0,0,BENIGN
80,82891696,7,3,4718,768,1115,31,674.0,52.231,621,20,256.0,49.425,66.183,0.121,8289169.6,0,59707469,569,82891696,0,0,0,0,0,0,0,0,0,0,0,140,60,0.084,0.036,52,1450,672.879,130.173,234530.17,0,0,0,0,0,0,0,0,0.43,64.384,858.299,500.545,140,7,4718,3,768,-1,229,6,32,0,0,0,0,0,0,0,0,BENIGN
21,94083697,318,260,262986,207220,986,10,827.0,241.297,883,34,797.0,391.256,4997.742,128.449,162774.562,0,33513420,1536,94083697,0,0,0,0,0,0,0,0,0,0,0,6360,5200,3.38,2.763,28,1146,179.725,384.925,78685.277,0,1,0,0,0,0,0,0,0.82,798.56,221.795,841.018,6360,318,262986,260,207220,8192,235,317,32,0,0,0,0,0,0,0,0,DoS Hulk
443,85796805,45,1,5175,68,857,6,115.0,253.242,1004,28,68.0,130.44,61.11,0.536,1865147.935,0,21854202,86,85796805,0,0,0,0,0,0,0,0,0,0,0,900,20,0.524,0.012,44,1175,751.96,258.725,11122.996,0,0,0,0,1,0,0,0,0.02,277.03,680.252,236.541,900,45,5175,1,68,65535,235,44,20,0,0,0,0,0,0,0,0,BENIGN
80,35832752,12,33,2712,4950,190,7,226.0,332.263,469,8,150.0,339.823,213.827,1.256,796283.378,0,25549717,4589,35832752,0,0,0,0,0,0,0,0,0,0,0,240,660,0.335,0.921,54,1163,244.538,149.495,131662.339,0,0,0,1,0,0,0,0,2.75,50.615,696.051,879.102,240,12,2712,33,4950,65535,235,11,20,0,0,0,0,0,0,0,0,BENIGN
123,78620862,59,37,53690,43105,79,30,910.0,354.601,99,12,1165.0,129.649,1231.162,1.221,818967.312,0,64796614,4792,78620862,0,0,0,0,0,0,0,0,0,0,0,1180,740,0.75,0.471,0,1408,418.014,57.98,66866.095,0,0,0,0,1,0,0,0,0.63,231.432,803.631,674.841,1180,59,53690,37,43105,29200,235,58,20,0,0,0,0,0,0,0,0,BENIGN
123,76466539,19,4,24605,3652,428,28,1295.0,226.805,908,4,913.0,246.679,369.534,0.301,3324632.13,0,69891354,3435,76466539,0,0,0,0,0,0,0,0,0,0,0,380,80,0.248,0.052,47,989,144.017,347.533,44663.661,0,0,0,1,1,0,0,0,0.21,151.98,83.935,550.939,380,19,24605,4,3652,65535,235,18,32,0,0,0,0,0,0,0,0,BENIGN
53,29204529,57,12,16530,16440,1128,23,290.0,254.835,1398,33,1370.0,160.031,1128.934,2.363,423254.043,0,351571,2976,29204529,0,0,0,0,0,0,0,0,0,0,0,1140,240,1.952,0.411,40,1127,136.445,99.73,244953.017,0,0,0,1,0,0,0,0,0.21,70.309,485.093,471.932,1140,57,16530,12,16440,29200,65535,56,20,0,0,0,0,0,0,0,0,BENIGN
80,92892620,17,34,18377,9724,885,38,1081.0,135.703,515,14,286.0,359.479,302.511,0.549,1821423.922,0,65297730,4334,92892620,0,0,0,0,0,0,0,0,0,0,0,340,680,0.183,0.366,9,660,461.531,422.551,91589.153,0,0,0,1,0,0,0,0,2.0,879.728,671.972,349.278,340,17,18377,34,9724,-1,-1,16,32,0,0,0,0,0,0,0,0,BENIGN
445,116655546,366,282,152622,166098,989,0,417.0,311.409,528,34,589.0,352.438,2732.146,104.077,180023.991,0,30039393,1951,116655546,0,0,0,0,0,0,0,0,0,0,0,7320,5640,3.137,2.417,56,743,154.352,305.024,184854.722,0,0,0,1,0,0,0,0,0.77,314.478,614.778,627.445,7320,366,152622,282,166098,-1,235,365,20,0,0,0,0,0,0,0,0,DDoS
443,95790408,1,15,1068,16185,707,13,1068.0,191.279,155,10,1079.0,323.563,180.112,0.167,5986900.5,0,26975520,2556,95790408,0,0,0,0,0,0,0,0,0,0,0,20,300,0.01,0.157,40,253,180.783,470.393,140876.595,0,0,0,1,1,0,0,0,15.0,644.811,494.299,141.284,20,1,1068,15,16185,65535,-1,0,20,0,0,0,0,0,0,0,0,BENIGN
993,43901291,30,11,32640,4576,959,40,1088.0,159.515,907,29,416.0,252.419,847.72,0.934,1070763.195,0,39558517,2579,43901291,0,0,0,0,0,0,0,0,0,0,0,600,220,0.683,0.251,19,754,784.595,337.896,3694.868,0,0,0,1,0,0,0,0,0.37,269.322,124.64,879.397,600,30,32640,11,4576,8192,229,29,32,0,0,0,0,0,0,0,0,BENIGN
80,21172733,1,29,147,13021,332,38,147.0,264.191,534,18,449.0,268.763,621.932,1.417,705757.767,0,11011222,4202,21172733,0,0,0,0,0,0,0,0,0,0,0,20,580,0.047,1.37,51,137,518.186,162.824,237327.016,0,0,0,0,0,0,0,0,29.0,583.159,240.31,829.536,20,1,147,29,13021,8192,235,0,32,0,0,0,0,0,0,0,0,BENIGN
80,86790502,57,21,64695,21000,1161,26,1135.0,385.367,562,19,1000.0,166.191,987.378,0.899,1112698.744,0,49178486,1824,86790502,0,0,0,0,0,0,0,0,0,0,0,1140,420,0.657,0.242,49,1083,580.087,43.685,139799.418,0,0,0,1,1,0,0,0,0.37,479.406,465.811,139.47,1140,57,64695,21,21000,65535,235,56,32,0,0,0,0,0,0,0,0,BENIGN
443,70775490,52,36,5564,5004,1166,20,107.0,85.891,1230,11,139.0,1.178,149.317,1.243,804266.932,0,20543685,1824,70775490,0,0,0,0,0,0,0,0,0,0,0,1040,720,0.735,0.509,12,1191,313.903,18.713,40340.571,0,0,0,0,1,0,0,0,0.69,849.778,762.433,858.191,1040,52,5564,36,5004,65535,65535,51,20,0,0,0,0,0,0,0,0,BENIGN
80,66500464,38,21,35188,3591,1384,2,926.0,262.698,1074,12,171.0,372.381,583.139,0.887,1127126.508,0,48646091,1266,66500464,0,0,0,0,0,0,0,0,0,0,0,760,420,0.571,0.316,13,563,437.156,211.53,44686.972,0,0,0,1,1,0,0,0,0.55,94.498,648.533,875.196,760,38,35188,21,3591,65535,229,37,20,0,0,0,0,0,0,0,0,BENIGN
80,92758513,43,6,34959,2682,753,0,813.0,124.059,883,4,447.0,318.042,405.796,0.528,1893030.878,0,57950855,1572,92758513,0,0,0,0,0,0,0,0,0,0,0,860,120,0.464,0.065,43,1143,473.733,465.817,202597.631,0,0,0,0,1,0,0,0,0.14,769.478,86.448,848.339,860,43,34959,6,2682,65535,65535,42,20,0,0,0,0,0,0,0,0,BENIGN
22,5269251,278,40,85624,40520,1450,35,308.0,117.47,150,30,1013.0,67.14,23939.645,1087.794,16569.972,0,1317531,3458,5269251,0,0,0,0,0,0,0,0,0,0,0,5560,800,52.759,7.591,58,1009,166.78,464.094,13128.378,0,1,0,1,0,0,0,0,0.14,894.308,529.997,735.703,5560,278,85624,40,40520,29200,-1,277,32,0,0,0,0,0,0,0,0,SSH-Patator
53,95818554,14,21,14602,24927,685,11,1043.0,299.502,383,6,1187.0,332.015,412.54,0.365,2737672.971,0,13109250,4428,95818554,0,0,0,0,0,0,0,0,0,0,0,280,420,0.146,0.219,4,242,127.28,109.453,191059.708,0,0,0,1,1,0,0,0,1.5,357.06,846.762,170.35,280,14,14602,21,24927,8192,229,13,32,0,0,0,0,0,0,0,0,BENIGN
53,81720487,48,9,52224,10521,1228,22,1088.0,126.006,1164,33,1169.0,67.335,767.8,0.697,1433692.754,0,43863869,749,81720487,0,0,0,0,0,0,0,0,0,0,0,960,180,0.587,0.11,52,538,788.017,196.434,242522.127,0,0,0,1,0,0,0,0,0.19,658.745,359.393,169.84,960,48,52224,9,10521,65535,65535,47,20,0,0,0,0,0,0,0,0,BENIGN
123,95669021,24,37,19056,3108,556,19,794.0,259.033,985,40,84.0,46.088,231.674,0.638,1568344.607,0,5203704,4549,95669021,0,0,0,0,0,0,0,0,0,0,0,480,740,0.251,0.387,27,1179,209.95,378.252,73528.652,0,0,0,1,1,0,0,0,1.54,54.747,568.289,323.033,480,24,19056,37,3108,29200,65535,23,20,0,0,0,0,0,0,0,0,BENIGN
53,28682645,60,45,15840,8685,152,13,264.0,355.019,1363,36,193.0,71.345,855.047,3.661,273168.048,0,5042430,4383,28682645,0,0,0,0,0,0,0,0,0,0,0,1200,900,2.092,1.569,20,1020,871.389,217.942,50414.954,0,0,0,0,1,0,0,0,0.75,833.034,573.1,110.49,1200,60,15840,45,8685,29200,229,59,32,0,0,0,0,0,0,0,0,BENIGN
8080,90339062,18,29,7866,10527,1272,37,437.0,195.333,147,22,363.0,270.617,203.6,0.52,1922107.702,0,53819755,268,90339062,0,0,0,0,0,0,0,0,0,0,0,360,580,0.199,0.321,25,1248,365.364,137.486,35115.197,0,0,0,1,1,0,0,0,1.61,410.601,685.36,472.316,360,18,7866,29,10527,8192,235,17,20,0,0,0,0,0,0,0,0,BENIGN
53,89432738,59,40,57112,26560,1006,24,968.0,233.187,560,37,664.0,50.137,935.586,1.107,903360.99,0,84007797,1718,89432738,0,0,0,0,0,0,0,0,0,0,0,1180,800,0.66,0.447,54,1051,857.67,408.293,205720.652,0,0,0,0,1,0,0,0,0.68,131.416,889.911,713.492,1180,59,57112,40,26560,65535,65535,58,20,0,0,0,0,0,0,0,0,BENIGN
22,14937246,40,102,20640,132294,782,10,516.0,177.833,1396,10,1297.0,98.818,10238.434,302.688,105191.873,0,10495252,4803,14937246,0,0,0,0,0,0,0,0,0,0,0,800,2040,2.678,6.829,31,230,673.731,48.654,192337.903,0,0,0,1,0,0,0,0,2.55,896.888,697.196,316.819,800,40,20640,102,132294,29200,-1,39,20,0,0,0,0,0,0,0,0,PortScan
443,70234706,36,6,38484,5124,924,22,1069.0,287.685,791,10,854.0,290.999,620.89,0.598,1672254.905,0,4478305,1797,70234706,0,0,0,0,0,0,0,0,0,0,0,720,120,0.513,0.085,11,1308,204.545,456.367,61362.713,0,0,0,0,0,0,0,0,0.17,160.696,623.218,871.221,720,36,38484,6,5124,-1,-1,35,20,0,0,0,0,0,0,0,0,BENIGN
993,84044574,2,38,162,46854,1395,0,81.0,5.187,347,5,1233.0,18.904,559.417,0.476,2101114.35,0,54638333,427,84044574,0,0,0,0,0,0,0,0,0,0,0,40,760,0.024,0.452,20,453,190.042,303.738,10184.06,0,0,0,0,1,0,0,0,19.0,650.723,87.727,695.482,40,2,162,38,46854,29200,65535,1,20,0,0,0,0,0,0,0,0,BENIGN
993,102311450,36,43,10008,60587,1439,27,278.0,233.714,828,25,1409.0,327.996,690.001,0.772,1295081.646,0,8484846,2435,102311450,0,0,0,0,0,0,0,0,0,0,0,720,860,0.352,0.42,34,1173,328.132,368.244,176359.965,0,0,0,1,0,0,0,0,1.19,539.745,464.627,184.049,720,36,10008,43,60587,65535,65535,35,32,0,0,0,0,0,0,0,0,BENIGN
3389,20491181,362,7,520918,1127,183,18,1439.0,307.202,1250,18,161.0,42.418,25476.57,131.694,55531.656,0,2053976,1694,20491181,0,0,0,0,0,0,0,0,0,0,0,7240,140,17.666,0.342,32,528,200.626,251.125,49273.936,0,1,0,0,1,0,0,0,0.02,169.272,132.257,48.121,7240,362,520918,7,1127,65535,65535,361,20,0,0,0,0,0,0,0,0,PortScan
22,94202913,207,255,251298,273870,481,31,1214.0,370.121,452,12,1074.0,198.682,5574.859,96.904,203902.409,0,85581977,3146,94202913,0,0,0,0,0,0,0,0,0,0,0,4140,5100,2.197,2.707,28,385,836.125,92.943,153953.322,0,0,0,1,1,0,0,0,1.23,509.746,808.558,570.814,4140,207,251298,255,273870,65535,-1,206,32,0,0,0,0,0,0,0,0,SSH-Patator
3389,30104499,214,29,140598,11861,1437,29,657.0,134.185,899,3,409.0,235.902,5064.326,82.616,123886.827,0,1299498,3375,30104499,0,0,0,0,0,0,0,0,0,0,0,4280,580,7.109,0.963,21,841,534.661,170.408,155807.702,0,0,0,1,1,0,0,0,0.14,397.929,746.545,771.637,4280,214,140598,29,11861,8192,229,213,32,0,0,0,0,0,0,0,0,SSH-Patator
8080,107773732,59,23,65726,19711,777,8,1114.0,52.672,522,2,857.0,186.278,792.744,0.761,1314313.805,0,60190704,3980,107773732,0,0,0,0,0,0,0,0,0,0,0,1180,460,0.547,0.213,16,1011,622.071,459.598,50616.354,0,0,0,0,0,0,0,0,0.39,757.822,534.622,408.884,1180,59,65726,23,19711,29200,-1,58,20,0,0,0,0,0,0,0,0,BENIGN
8080,14540273,28,41,3920,41533,914,17,140.0,257.756,430,38,1013.0,90.091,3126.007,4.745,210728.594,0,11411492,4209,14540273,0,0,0,0,0,0,0,0,0,0,0,560,820,1.926,2.82,27,292,718.412,118.775,173441.133,0,0,0,0,1,0,0,0,1.46,461.108,719.208,444.622,560,28,3920,41,41533,8192,235,27,32,0,0,0,0,0,0,0,0,BENIGN
993,101297258,6,17,6300,7327,1185,18,1050.0,242.422,1171,10,431.0,238.892,134.525,0.227,4404228.609,0,51388471,2512,101297258,0,0,0,0,0,0,0,0,0,0,0,120,340,0.059,0.168,15,1426,846.539,20.032,150044.565,0,0,0,1,1,0,0,0,2.83,534.431,751.337,601.269,120,6,6300,17,7327,-1,229,5,32,0,0,0,0,0,0,0,0,BENIGN
23,34152569,233,278,294279,15290,861,12,1263.0,246.011,655,3,55.0,62.429,9064.296,288.995,66834.773,0,6888141,375,34152569,0,0,0,0,0,0,0,0,0,0,0,4660,5560,6.822,8.14,30,672,183.78,254.212,35332.436,0,0,0,1,1,0,0,0,1.19,555.487,141.726,400.156,4660,233,294279,278,15290,-1,-1,232,32,0,0,0,0,0,0,0,0,PortScan
443,15596531,32,32,13280,2368,237,4,415.0,128.497,94,15,74.0,120.481,1003.3,4.103,243695.797,0,2901795,4002,15596531,0,0,0,0,0,0,0,0,0,0,0,640,640,2.052,2.052,57,448,556.887,32.906,11801.987,0,0,0,1,0,0,0,0,1.0,853.279,813.082,298.399,640,32,13280,32,2368,-1,235,31,20,0,0,0,0,0,0,0,0,BENIGN
993,11478193,59,47,83308,42488,817,35,1412.0,5.091,320,28,904.0,391.463,10959.565,9.235,108284.84,0,10087806,3709,11478193,0,0,0,0,0,0,0,0,0,0,0,1180,940,5.14,4.095,48,112,543.372,308.439,2014.137,0,0,0,1,0,0,0,0,0.8,455.469,379.166,861.601,1180,59,83308,47,42488,-1,229,58,20,0,0,0,0,0,0,0,0,BENIGN
21,78065537,98,283,88004,178856,1363,20,898.0,251.483,868,26,632.0,347.927,3418.41,138.639,204896.423,0,72719930,899,78065537,0,0,0,0,0,0,0,0,0,0,0,1960,5660,1.255,3.625,12,77,420.231,469.24,142403.904,0,1,0,0,0,0,0,0,2.89,408.049,327.121,894.772,1960,98,88004,283,178856,65535,65535,97,32,0,0,0,0,0,0,0,0,SSH-Patator
8080,118926314,13,34,17914,40970,137,36,1378.0,64.753,922,5,1205.0,365.599,495.13,0.395,2530347.106,0,96582116,3238,118926314,0,0,0,0,0,0,0,0,0,0,0,260,680,0.109,0.286,23,665,105.523,383.591,138540.119,0,0,0,0,0,0,0,0,2.62,887.002,240.013,229.996,260,13,17914,34,40970,29200,229,12,20,0,0,0,0,0,0,0,0,BENIGN
21,34189471,121,256,102487,30976,1346,17,847.0,262.519,1320,8,121.0,358.476,3903.629,156.9,90688.252,0,31922531,2491,34189471,0,0,0,0,0,0,0,0,0,0,0,2420,5120,3.539,7.488,23,449,852.963,457.803,212362.792,0,0,0,0,1,0,0,0,2.12,384.256,852.234,83.942,2420,121,102487,256,30976,65535,229,120,20,0,0,0,0,0,0,0,0,DDoS
123,103297167,19,24,10165,32016,75,0,535.0,237.664,1152,23,1334.0,12.092,408.346,0.416,2402259.698,0,19121535,950,103297167,0,0,0,0,0,0,0,0,0,0,0,380,480,0.184,0.232,6,436,866.726,288.544,158766.48,0,0,0,1,0,0,0,0,1.26,66.319,646.461,653.427,380,19,10165,24,32016,8192,-1,18,32,0,0,0,0,0,0,0,0,BENIGN
123,41328834,4,22,2076,18942,1448,7,519.0,248.248,1131,36,861.0,26.08,508.555,0.629,1589570.538,0,11115807,3897,41328834,0,0,0,0,0,0,0,0,0,0,0,80,440,0.097,0.532,47,1390,179.158,160.538,14886.158,0,0,0,0,1,0,0,0,5.5,885.492,66.765,385.06,80,4,2076,22,18942,8192,-1,3,20,0,0,0,0,0,0,0,0,BENIGN
80,88252626,52,32,42068,12224,1336,5,809.0,13.027,703,35,382.0,213.589,615.188,0.952,1050626.5,0,28930617,1660,88252626,0,0,0,0,0,0,0,0,0,0,0,1040,640,0.589,0.363,1,300,563.741,399.38,237028.305,0,0,0,1,0,0,0,0,0.62,391.876,317.126,677.506,1040,52,42068,32,12224,-1,235,51,32,0,0,0,0,0,0,0,0,BENIGN
21,15261178,246,206,351288,228866,886,33,1428.0,297.144,364,12,1111.0,274.797,38015.021,847.468,33763.668,0,7943211,382,15261178,0,0,0,0,0,0,0,0,0,0,0,4920,4120,16.119,13.498,56,318,56.767,221.286,207845.67,0,0,0,0,1,0,0,0,0.84,381.421,44.307,109.816,4920,246,351288,206,228866,8192,229,245,20,0,0,0,0,0,0,0,0,FTP-Patator
80,74877903,32,44,7968,60148,673,21,249.0,183.739,916,17,1367.0,150.862,909.694,1.015,985235.566,0,39153432,1697,74877903,0,0,0,0,0,0,0,0,0,0,0,640,880,0.427,0.588,38,1070,554.235,138.235,79216.937,0,0,0,0,1,0,0,0,1.38,886.98,315.045,52.847,640,32,7968,44,60148,-1,229,31,32,0,0,0,0,0,0,0,0,BENIGN
8080,31029208,4,45,2580,42435,1451,10,645.0,103.669,816,20,943.0,360.197,1450.73,1.579,633249.143,0,21298074,856,31029208,0,0,0,0,0,0,0,0,0,0,0,80,900,0.129,1.45,28,716,222.469,392.825,232639.036,0,0,0,1,0,0,0,0,11.25,771.659,361.584,451.757,80,4,2580,45,42435,-1,-1,3,20,0,0,0,0,0,0,0,0,BENIGN
53,90018181,13,39,8996,11310,500,37,692.0,280.964,961,32,290.0,105.305,225.577,0.578,1731118.865,0,41839531,4290,90018181,0,0,0,0,0,0,0,0,0,0,0,260,780,0.144,0.433,28,1063,390.249,30.482,34746.568,0,0,0,1,1,0,0,0,3.0,730.36,173.281,893.434,260,13,8996,39,11310,8192,-1,12,20,0,0,0,0,0,0,0,0,BENIGN
23,89075709,262,265,194666,237705,397,23,743.0,152.367,1328,37,897.0,273.975,4853.972,27.851,169024.116,0,35730066,1963,89075709,0,0,0,0,0,0,0,0,0,0,0,5240,5300,2.941,2.975,21,1282,826.09,422.204,197748.094,0,1,0,1,1,0,0,0,1.01,165.375,173.737,313.485,5240,262,194666,265,237705,-1,235,261,20,0,0,0,0,0,0,0,0,PortScan
23,37256335,281,40,142748,34160,1248,36,508.0,367.62,1048,8,854.0,142.984,4748.401,45.253,116063.349,0,14712887,3687,37256335,0,0,0,0,0,0,0,0,0,0,0,5620,800,7.542,1.074,1,644,165.784,242.564,67744.973,0,1,0,1,1,0,0,0,0.14,371.376,791.828,853.536,5620,281,142748,40,34160,29200,235,280,20,0,0,0,0,0,0,0,0,Bot
22,41605617,244,45,12200,16155,672,39,50.0,280.952,919,39,359.0,284.372,681.519,136.795,143964.073,0,19156431,2129,41605617,0,0,0,0,0,0,0,0,0,0,0,4880,900,5.865,1.082,5,1426,753.14,457.657,154044.959,0,1,0,1,1,0,0,0,0.18,62.712,376.899,845.179,4880,244,12200,45,16155,29200,235,243,20,0,0,0,0,0,0,0,0,DoS GoldenEye
443,28158427,3,36,3102,17856,794,2,1034.0,146.925,460,13,496.0,115.885,744.289,1.385,722010.949,0,9356701,4624,28158427,0,0,0,0,0,0,0,0,0,0,0,60,720,0.107,1.278,3,557,681.82,2.92,106577.517,0,0,0,0,1,0,0,0,12.0,331.491,439.801,849.135,60,3,3102,36,17856,8192,65535,2,32,0,0,0,0,0,0,0,0,BENIGN
3389,20435444,257,113,323306,7006,412,26,1258.0,147.083,554,11,62.0,260.168,16163.681,112.829,55230.93,0,654545,534,20435444,0,0,0,0,0,0,0,0,0,0,0,5140,2260,12.576,5.53,29,644,304.249,328.718,157455.793,0,1,0,1,1,0,0,0,0.44,309.383,314.3,541.087,5140,257,323306,113,7006,29200,65535,256,20,0,0,0,0,0,0,0,0,PortScan
123,114450640,35,27,9205,4428,551,3,263.0,90.72,758,33,164.0,127.286,119.117,0.542,1845978.065,0,90041835,2480,114450640,0,0,0,0,0,0,0,0,0,0,0,700,540,0.306,0.236,46,153,78.425,72.793,205543.339,0,0,0,0,0,0,0,0,0.77,620.37,825.614,597.486,700,35,9205,27,4428,29200,229,34,32,0,0,0,0,0,0,0,0,BENIGN
123,97384871,15,25,21720,34125,444,22,1448.0,136.627,751,9,1365.0,238.494,573.446,0.411,2434621.775,0,72302696,697,97384871,0,0,0,0,0,0,0,0,0,0,0,300,500,0.154,0.257,5,248,718.187,332.457,106866.269,0,0,0,1,1,0,0,0,1.67,464.422,709.768,495.433,300,15,21720,25,34125,29200,235,14,32,0,0,0,0,0,0,0,0,BENIGN
443,38004637,37,11,23865,3938,210,20,645.0,35.98,1339,3,358.0,101.688,731.569,1.263,791763.271,0,23827426,3025,38004637,0,0,0,0,0,0,0,0,0,0,0,740,220,0.974,0.289,46,196,79.985,360.338,239524.263,0,0,0,0,1,0,0,0,0.3,387.059,677.127,302.639,740,37,23865,11,3938,8192,65535,36,32,0,0,0,0,0,0,0,0,BENIGN
22,74848579,202,230,166246,47610,752,3,823.0,391.979,394,31,207.0,198.501,2857.182,157.35,173260.6,0,74622992,2009,74848579,0,0,0,0,0,0,0,0,0,0,0,4040,4600,2.699,3.073,37,594,65.139,196.394,200698.347,0,1,0,0,1,0,0,0,1.14,546.458,703.87,237.387,4040,202,166246,230,47610,-1,-1,201,20,0,0,0,0,0,0,0,0,SSH-Patator
993,49427181,52,12,8736,8532,501,24,168.0,222.405,1394,3,711.0,130.767,349.362,1.295,772299.703,0,29064286,4530,49427181,0,0,0,0,0,0,0,0,0,0,0,1040,240,1.052,0.243,35,1427,237.55,126.476,24343.15,0,0,0,1,0,0,0,0,0.23,240.373,647.153,550.029,1040,52,8736,12,8532,8192,235,51,32,0,0,0,0,0,0,0,0,BENIGN
21,71544895,148,142,178044,163726,286,16,1203.0,104.657,166,25,1153.0,292.256,4777.001,111.269,246706.534,0,52552602,3420,71544895,0,0,0,0,0,0,0,0,0,0,0,2960,2840,2.069,1.985,23,1193,670.686,165.783,248520.821,0,1,0,0,0,0,0,0,0.96,670.933,87.457,250.817,2960,148,178044,142,163726,65535,-1,147,32,0,0,0,0,0,0,0,0,DDoS
21,93807168,279,225,26505,290475,1271,30,95.0,84.401,857,19,1291.0,162.412,3379.059,190.643,186125.333,0,78016200,4726,93807168,0,0,0,0,0,0,0,0,0,0,0,5580,4500,2.974,2.399,26,484,476.997,43.268,245395.931,0,1,0,0,1,0,0,0,0.81,768.172,293.193,720.361,5580,279,26505,225,290475,65535,65535,278,20,0,0,0,0,0,0,0,0,DDoS
8080,37618627,17,12,3791,1260,1005,27,223.0,267.945,660,8,105.0,186.63,134.269,0.771,1297194.034,0,12804376,626,37618627,0,0,0,0,0,0,0,0,0,0,0,340,240,0.452,0.319,48,1278,726.857,295.106,131832.089,0,0,0,1,1,0,0,0,0.71,874.136,426.797,55.04,340,17,3791,12,1260,65535,229,16,32,0,0,0,0,0,0,0,0,BENIGN
123,70126706,34,25,12648,20600,69,1,372.0,20.556,700,2,824.0,137.883,474.113,0.841,1188588.237,0,52859414,3558,70126706,0,0,0,0,0,0,0,0,0,0,0,680,500,0.485,0.356,47,380,243.027,2.21,175318.603,0,0,0,0,0,0,0,0,0.74,282.861,889.617,840.072,680,34,12648,25,20600,65535,235,33,20,0,0,0,0,0,0,0,0,BENIGN
80,75498057,23,21,15663,14175,1116,32,681.0,305.739,59,32,675.0,48.539,395.215,0.583,1715864.932,0,18812943,4465,75498057,0,0,0,0,0,0,0,0,0,0,0,460,420,0.305,0.278,17,402,70.703,113.002,51985.127,0,0,0,1,1,0,0,0,0.91,770.448,849.242,808.993,460,23,15663,21,14175,8192,235,22,32,0,0,0,0,0,0,0,0,BENIGN
8080,6833561,21,44,6237,18788,216,9,297.0,57.484,1216,7,427.0,85.458,3662.073,9.512,105131.708,0,1507578,2401,6833561,0,0,0,0,0,0,0,0,0,0,0,420,880,3.073,6.439,33,971,742.688,205.344,176507.846,0,0,0,0,1,0,0,0,2.1,532.155,764.853,817.197,420,21,6237,44,18788,8192,229,20,32,0,0,0,0,0,0,0,0,BENIGN
993,105657385,60,8,53040,7872,215,2,884.0,376.965,1133,28,984.0,284.692,576.505,0.644,1553785.074,0,87583824,997,105657385,0,0,0,0,0,0,0,0,0,0,0,1200,160,0.568,0.076,42,376,865.749,441.481,22339.014,0,0,0,1,1,0,0,0,0.13,165.039,566.298,474.394,1200,60,53040,8,7872,-1,65535,59,20,0,0,0,0,0,0,0,0,BENIGN
3389,72228503,320,189,278720,190134,464,26,871.0,224.62,1016,2,1006.0,179.579,6491.26,120.616,141902.756,0,57331329,1560,72228503,0,0,0,0,0,0,0,0,0,0,0,6400,3780,4.43,2.617,5,1277,662.7,242.03,247198.896,0,0,0,1,0,0,0,0,0.59,103.563,665.316,272.368,6400,320,278720,189,190134,65535,-1,319,20,0,0,0,0,0,0,0,0,Bot
22,114996175,264,56,120120,48216,1235,0,455.0,23.874,878,2,861.0,373.766,1463.84,96.248,359363.047,0,114802900,3434,114996175,0,0,0,0,0,0,0,0,0,0,0,5280,1120,2.296,0.487,2,589,352.809,487.89,62720.928,0,1,0,1,0,0,0,0,0.21,671.76,500.799,773.212,5280,264,120120,56,48216,-1,-1,263,32,0,0,0,0,0,0,0,0,DDoS
80,70578782,29,26,35728,21294,1283,1,1232.0,28.429,490,1,819.0,379.136,807.92,0.779,1283250.582,0,30640447,2571,70578782,0,0,0,0,0,0,0,0,0,0,0,580,520,0.411,0.368,9,211,701.79,434.951,136476.601,0,0,0,0,0,0,0,0,0.9,630.161,443.294,684.153,580,29,35728,26,21294,65535,-1,28,32,0,0,0,0,0,0,0,0,BENIGN
80,30392760,23,18,19435,15282,1380,4,845.0,310.451,206,22,849.0,78.22,1142.279,1.349,741286.829,0,12747441,4871,30392760,0,0,0,0,0,0,0,0,0,0,0,460,360,0.757,0.592,60,498,433.249,359.536,207313.326,0,0,0,1,1,0,0,0,0.78,107.986,387.451,533.179,460,23,19435,18,15282,29200,229,22,32,0,0,0,0,0,0,0,0,BENIGN
443,90974184,42,3,50148,2355,204,17,1194.0,164.156,62,11,785.0,235.974,577.12,0.495,2021648.533,0,60270819,722,90974184,0,0,0,0,0,0,0,0,0,0,0,840,60,0.462,0.033,53,777,436.185,325.319,165587.287,0,0,0,0,1,0,0,0,0.07,370.055,488.009,374.572,840,42,50148,3,2355,29200,229,41,32,0,0,0,0,0,0,0,0,BENIGN
23,33614627,147,125,25578,112500,298,10,174.0,23.331,677,20,900.0,143.004,4107.676,176.404,123583.188,0,16722766,256,33614627,0,0,0,0,0,0,0,0,0,0,0,2940,2500,4.373,3.719,57,1290,835.012,410.051,143037.154,0,1,0,0,0,0,0,0,0.85,239.8,894.776,567.804,2940,147,25578,125,112500,65535,229,146,20,0,0,0,0,0,0,0,0,DoS Hulk
22,43740659,208,240,11648,123840,73,17,56.0,317.054,41,18,516.0,90.234,3097.53,310.74,97635.4,0,8066927,4417,43740659,0,0,0,0,0,0,0,0,0,0,0,4160,4800,4.755,5.487,56,1271,115.434,129.922,205065.976,0,0,0,1,0,0,0,0,1.15,473.963,861.79,523.433,4160,208,11648,240,123840,-1,235,207,32,0,0,0,0,0,0,0,0,DoS Hulk
443,25188638,7,22,6279,19734,220,19,897.0,184.46,993,20,897.0,310.586,1032.728,1.151,868573.724,0,8160223,2825,25188638,0,0,0,0,0,0,0,0,0,0,0,140,440,0.278,0.873,54,497,294.298,67.322,21966.847,0,0,0,0,1,0,0,0,3.14,187.267,118.29,383.498,140,7,6279,22,19734,-1,-1,6,32,0,0,0,0,0,0,0,0,BENIGN
993,21060548,14,31,16422,35309,353,20,1173.0,87.804,885,3,1139.0,289.726,2456.299,2.137,468012.178,0,11028788,286,21060548,0,0,0,0,0,0,0,0,0,0,0,280,620,0.665,1.472,23,62,79.873,9.112,80998.451,0,0,0,1,1,0,0,0,2.21,89.979,290.08,863.094,280,14,16422,31,35309,29200,229,13,32,0,0,0,0,0,0,0,0,BENIGN
8080,58705200,46,27,32062,16686,356,1,697.0,169.347,1364,40,618.0,391.231,830.386,1.244,804180.822,0,25506501,779,58705200,0,0,0,0,0,0,0,0,0,0,0,920,540,0.784,0.46,43,1321,217.788,56.278,627.488,0,0,0,0,1,0,0,0,0.59,726.078,493.77,241.049,920,46,32062,27,16686,65535,229,45,20,0,0,0,0,0,0,0,0,BENIGN
443,71345367,29,40,19198,12720,1457,28,662.0,223.631,1388,12,318.0,110.682,447.373,0.967,1033990.826,0,20298144,3451,71345367,0,0,0,0,0,0,0,0,0,0,0,580,800,0.406,0.561,26,835,871.85,298.993,128166.888,0,0,0,0,1,0,0,0,1.38,285.231,222.758,561.48,580,29,19198,40,12720,29200,229,28,32,0,0,0,0,0,0,0,0,BENIGN
21,36938243,301,141,40635,142974,226,12,135.0,152.874,956,38,1014.0,124.369,4970.702,249.807,83570.686,0,7203415,1873,36938243,0,0,0,0,0,0,0,0,0,0,0,6020,2820,8.149,3.817,8,1052,844.765,483.977,18980.23,0,0,0,1,0,0,0,0,0.47,256.094,253.771,620.696,6020,301,40635,141,142974,65535,229,300,32,0,0,0,0,0,0,0,0,DoS GoldenEye
3389,80665931,12,38,9288,22762,301,16,774.0,334.932,662,13,599.0,128.198,397.318,12.097,1613318.62,0,7988766,407,80665931,0,0,0,0,0,0,0,0,0,0,0,240,760,0.149,0.471,53,1045,83.346,74.012,72069.139,0,1,0,1,1,0,0,0,3.17,352.232,788.935,648.727,240,12,9288,38,22762,65535,-1,11,32,0,0,0,0,0,0,0,0,DoS GoldenEye
993,97560365,57,43,75069,48332,1036,24,1317.0,198.634,229,12,1124.0,28.151,1264.868,1.025,975603.65,0,67332937,3350,97560365,0,0,0,0,0,0,0,0,0,0,0,1140,860,0.584,0.441,19,74,467.701,88.964,160667.478,0,0,0,1,0,0,0,0,0.75,505.383,297.015,355.988,1140,57,75069,43,48332,65535,235,56,20,0,0,0,0,0,0,0,0,BENIGN
53,113462216,20,47,9960,33511,336,21,498.0,267.798,538,19,713.0,191.098,383.132,0.591,1693465.91,0,35892656,740,113462216,0,0,0,0,0,0,0,0,0,0,0,400,940,0.176,0.414,37,1128,231.832,132.422,20512.827,0,0,0,0,0,0,0,0,2.35,70.521,707.113,362.038,400,20,9960,47,33511,-1,229,19,20,0,0,0,0,0,0,0,0,BENIGN
53,63175271,60,16,19740,19968,64,24,329.0,363.938,903,26,1248.0,119.29,628.537,1.203,831253.566,0,24435953,4603,63175271,0,0,0,0,0,0,0,0,0,0,0,1200,320,0.95,0.253,53,316,815.172,165.668,69725.558,0,0,0,1,1,0,0,0,0.27,118.145,547.044,264.541,1200,60,19740,16,19968,65535,65535,59,32,0,0,0,0,0,0,0,0,BENIGN
993,46379640,58,46,61306,30084,230,3,1057.0,366.682,146,18,654.0,53.951,1970.477,2.242,445958.077,0,21914597,2989,46379640,0,0,0,0,0,0,0,0,0,0,0,1160,920,1.251,0.992,29,1104,258.04,53.616,38015.888,0,0,0,0,1,0,0,0,0.79,51.414,722.154,398.654,1160,58,61306,46,30084,29200,235,57,32,0,0,0,0,0,0,0,0,BENIGN
443,80369190,8,45,9144,41400,850,36,1143.0,152.845,830,25,920.0,9.708,628.898,0.659,1516399.811,0,47145757,947,80369190,0,0,0,0,0,0,0,0,0,0,0,160,900,0.1,0.56,34,63,181.016,461.889,85714.61,0,0,0,0,0,0,0,0,5.62,454.914,692.634,776.934,160,8,9144,45,41400,-1,65535,7,32,0,0,0,0,0,0,0,0,BENIGN
3389,73709392,178,16,206302,1392,1042,29,1159.0,313.049,917,30,87.0,195.097,2817.741,74.926,379945.32,0,71014081,2287,73709392,0,0,0,0,0,0,0,0,0,0,0,3560,320,2.415,0.217,2,386,839.007,402.28,245706.284,0,1,0,1,1,0,0,0,0.09,144.589,812.641,257.431,3560,178,206302,16,1392,8192,-1,177,20,0,0,0,0,0,0,0,0,PortScan
8080,90625235,37,20,31931,7900,1442,5,863.0,139.596,913,10,395.0,273.617,439.513,0.629,1589916.404,0,70395114,779,90625235,0,0,0,0,0,0,0,0,0,0,0,740,400,0.408,0.221,1,1123,775.802,20.821,60590.997,0,0,0,0,1,0,0,0,0.54,469.77,122.393,408.471,740,37,31931,20,7900,8192,235,36,32,0,0,0,0,0,0,0,0,BENIGN
8080,2905091,52,1,23452,1156,869,18,451.0,378.289,669,36,1156.0,207.512,8470.647,18.244,54813.038,0,2211316,3316,2905091,0,0,0,0,0,0,0,0,0,0,0,1040,20,17.9,0.344,35,787,385.764,398.508,126763.38,0,0,0,0,1,0,0,0,0.02,53.232,554.998,688.467,1040,52,23452,1,1156,65535,-1,51,20,0,0,0,0,0,0,0,0,BENIGN
8080,84424957,13,5,7137,2810,907,34,549.0,74.425,598,15,562.0,23.213,117.821,0.213,4690275.389,0,17995760,2795,84424957,0,0,0,0,0,0,0,0,0,0,0,260,100,0.154,0.059,33,597,621.051,120.199,193355.76,0,0,0,0,0,0,0,0,0.38,269.785,277.301,82.004,260,13,7137,5,2810,65535,235,12,20,0,0,0,0,0,0,0,0,BENIGN
123,85648847,21,24,9723,34488,867,12,463.0,135.771,50,33,1437.0,132.882,516.189,0.525,1903307.711,0,25924404,1750,85648847,0,0,0,0,0,0,0,0,0,0,0,420,480,0.245,0.28,45,1018,70.73,387.803,60869.806,0,0,0,1,1,0,0,0,1.14,45.665,466.53,602.28,420,21,9723,24,34488,29200,-1,20,32,0,0,0,0,0,0,0,0,BENIGN
23,39123886,235,45,90475,19800,585,6,385.0,83.746,948,4,440.0,241.62,2818.611,135.201,139728.164,0,8682261,3074,39123886,0,0,0,0,0,0,0,0,0,0,0,4700,900,6.007,1.15,54,1391,359.762,41.389,107520.103,0,1,0,1,1,0,0,0,0.19,384.1,877.846,776.401,4700,235,90475,45,19800,-1,65535,234,32,0,0,0,0,0,0,0,0,FTP-Patator
443,24925014,7,37,5824,10508,382,8,832.0,167.235,48,24,284.0,23.467,655.245,1.765,566477.591,0,22583985,1191,24925014,0,0,0,0,0,0,0,0,0,0,0,140,740,0.281,1.484,37,362,446.058,397.836,218766.182,0,0,0,0,0,0,0,0,5.29,843.451,67.752,590.474,140,7,5824,37,10508,-1,235,6,32,0,0,0,0,0,0,0,0,BENIGN
8080,18326630,40,29,21840,14384,1410,35,546.0,201.212,58,22,496.0,228.985,1976.577,3.765,265603.333,0,7719482,2765,18326630,0,0,0,0,0,0,0,0,0,0,0,800,580,2.183,1.582,21,785,134.912,130.65,69508.868,0,0,0,0,0,0,0,0,0.72,179.815,241.653,355.389,800,40,21840,29,14384,8192,229,39,32,0,0,0,0,0,0,0,0,BENIGN
443,18672497,57,0,12768,0,1172,14,224.0,333.512,184,10,0.0,28.411,683.786,3.053,327587.667,0,3206354,1207,18672497,0,0,0,0,0,0,0,0,0,0,0,1140,0,3.053,0.0,23,1247,711.33,21.88,147775.468,0,0,0,0,0,0,0,0,0.0,178.13,707.094,736.051,1140,57,12768,0,0,29200,229,56,32,0,0,0,0,0,0,0,0,BENIGN
53,75499566,36,46,27180,28152,95,36,755.0,258.716,1117,13,612.0,135.097,732.878,1.086,920726.415,0,5891617,4207,75499566,0,0,0,0,0,0,0,0,0,0,0,720,920,0.477,0.609,34,751,641.918,432.345,190142.871,0,0,0,0,0,0,0,0,1.28,112.574,137.519,381.879,720,36,27180,46,28152,65535,-1,35,20,0,0,0,0,0,0,0,0,BENIGN
8080,15826458,1,27,360,8235,657,3,360.0,323.371,873,5,305.0,129.0,543.078,1.769,565230.643,0,9978244,484,15826458,0,0,0,0,0,0,0,0,0,0,0,20,540,0.063,1.706,18,245,538.192,432.544,159050.476,0,0,0,0,1,0,0,0,27.0,694.578,452.695,839.02,20,1,360,27,8235,29200,235,0,20,0,0,0,0,0,0,0,0,BENIGN
80,11587751,55,14,74085,13510,60,14,1347.0,153.76,611,8,965.0,293.368,7559.275,5.955,167938.42,0,5289685,4706,11587751,0,0,0,0,0,0,0,0,0,0,0,1100,280,4.746,1.208,10,1203,705.373,478.759,36245.087,0,0,0,1,0,0,0,0,0.25,296.319,202.8,664.522,1100,55,74085,14,13510,8192,229,54,32,0,0,0,0,0,0,0,0,BENIGN
80,33691357,2,48,2340,51024,1313,8,1170.0,396.666,942,1,1063.0,90.019,1583.908,1.484,673827.14,0,30436570,1825,33691357,0,0,0,0,0,0,0,0,0,0,0,40,960,0.059,1.425,13,350,448.073,258.429,212309.474,0,0,0,1,1,0,0,0,24.0,293.651,71.741,280.574,40,2,2340,48,51024,29200,229,1,20,0,0,0,0,0,0,0,0,BENIGN
21,101173148,399,104,162393,15288,602,11,407.0,129.363,449,10,147.0,370.295,1756.207,94.737,201139.459,0,63245639,2065,101173148,0,0,0,0,0,0,0,0,0,0,0,7980,2080,3.944,1.028,7,1292,372.839,114.346,242980.609,0,1,0,1,1,0,0,0,0.26,212.083,315.515,314.448,7980,399,162393,104,15288,-1,-1,398,20,0,0,0,0,0,0,0,0,DoS GoldenEye
23,48455875,122,108,103822,86292,1329,37,851.0,221.566,1337,28,799.0,259.191,3923.446,69.044,210677.717,0,24905841,3733,48455875,0,0,0,0,0,0,0,0,0,0,0,2440,2160,2.518,2.229,29,274,134.998,53.559,216927.036,0,1,0,1,0,0,0,0,0.89,564.322,161.599,801.158,2440,122,103822,108,86292,-1,229,121,20,0,0,0,0,0,0,0,0,SSH-Patator
123,59237027,57,12,39615,17376,804,34,695.0,291.131,1009,34,1448.0,291.301,962.084,1.165,858507.638,0,21299955,1600,59237027,0,0,0,0,0,0,0,0,0,0,0,1140,240,0.962,0.203,36,341,252.038,179.3,2711.613,0,0,0,1,0,0,0,0,0.21,729.761,160.367,277.981,1140,57,39615,12,17376,65535,235,56,32,0,0,0,0,0,0,0,0,BENIGN
443,64993643,30,41,11520,5002,890,34,384.0,125.33,624,11,122.0,358.132,254.209,1.092,915403.423,0,1933175,174,64993643,0,0,0,0,0,0,0,0,0,0,0,600,820,0.462,0.631,27,906,190.237,88.417,76665.848,0,0,0,1,1,0,0,0,1.37,462.239,578.726,192.301,600,30,11520,41,5002,29200,229,29,32,0,0,0,0,0,0,0,0,BENIGN
8080,6620910,20,45,24200,57330,584,40,1210.0,28.973,1209,8,1274.0,61.902,12314.017,9.817,101860.154,0,33594,2655,6620910,0,0,0,0,0,0,0,0,0,0,0,400,900,3.021,6.797,23,211,313.854,385.147,212968.443,0,0,0,0,0,0,0,0,2.25,657.827,622.165,104.03,400,20,24200,45,57330,-1,229,19,20,0,0,0,0,0,0,0,0,BENIGN
443,90190648,26,50,7280,51450,342,1,280.0,335.186,506,26,1029.0,203.066,651.176,0.843,1186719.053,0,77602797,494,90190648,0,0,0,0,0,0,0,0,0,0,0,520,1000,0.288,0.554,2,375,509.629,400.949,59648.013,0,0,0,1,0,0,0,0,1.92,347.395,479.988,614.024,520,26,7280,50,51450,65535,235,25,32,0,0,0,0,0,0,0,0,BENIGN
443,100858928,28,14,9492,14574,647,25,339.0,224.839,161,19,1041.0,98.919,238.611,0.416,2401403.048,0,71854384,1646,100858928,0,0,0,0,0,0,0,0,0,0,0,560,280,0.278,0.139,58,921,94.273,178.407,186754.769,0,0,0,1,0,0,0,0,0.5,415.342,589.858,546.143,560,28,9492,14,14574,29200,235,27,20,0,0,0,0,0,0,0,0,BENIGN
3389,108887989,31,8,15779,7232,519,24,509.0,283.508,763,9,904.0,384.762,211.327,3.262,2791999.718,0,12635347,3183,108887989,0,0,0,0,0,0,0,0,0,0,0,620,160,0.285,0.073,56,1407,571.417,1.51,85566.019,0,1,0,0,0,0,0,0,0.26,672.667,477.813,138.036,620,31,15779,8,7232,8192,65535,30,20,0,0,0,0,0,0,0,0,DoS GoldenEye
445,4216727,333,91,88578,105469,1057,17,266.0,86.532,328,2,1159.0,17.126,46018.393,874.917,9945.111,0,1127691,234,4216727,0,0,0,0,0,0,0,0,0,0,0,6660,1820,78.971,21.581,8,254,814.767,463.239,37202.113,0,1,0,1,0,0,0,0,0.27,399.454,842.271,85.637,6660,333,88578,91,105469,8192,65535,332,32,0,0,0,0,0,0,0,0,DDoS
8080,47562961,54,41,66960,49692,1338,35,1240.0,30.243,594,36,1212.0,102.851,2452.581,1.997,500662.747,0,20105885,4256,47562961,0,0,0,0,0,0,0,0,0,0,0,1080,820,1.135,0.862,5,543,265.607,424.66,103743.068,0,0,0,1,0,0,0,0,0.76,837.039,193.068,640.534,1080,54,66960,41,49692,65535,65535,53,32,0,0,0,0,0,0,0,0,BENIGN
443,63038873,49,8,19110,2264,1039,10,390.0,6.307,930,8,283.0,200.462,339.061,0.904,1105945.14,0,25784081,2993,63038873,0,0,0,0,0,0,0,0,0,0,0,980,160,0.777,0.127,22,594,566.188,140.051,159474.117,0,0,0,0,1,0,0,0,0.16,347.71,307.372,287.897,980,49,19110,8,2264,29200,-1,48,20,0,0,0,0,0,0,0,0,BENIGN
8080,85759314,25,2,23775,442,1152,14,951.0,347.62,1235,34,221.0,210.938,282.383,0.315,3176270.889,0,13578767,3719,85759314,0,0,0,0,0,0,0,0,0,0,0,500,40,0.292,0.023,24,970,203.893,386.238,167806.219,0,0,0,1,0,0,0,0,0.08,363.676,355.101,496.361,500,25,23775,2,442,65535,-1,24,20,0,0,0,0,0,0,0,0,BENIGN
123,14164102,30,23,39480,13225,581,25,1316.0,27.548,572,11,575.0,269.806,3721.027,3.742,267247.208,0,1584864,3217,14164102,0,0,0,0,0,0,0,0,0,0,0,600,460,2.118,1.624,9,989,419.672,472.68,72108.125,0,0,0,0,0,0,0,0,0.77,665.607,102.748,265.098,600,30,39480,23,13225,8192,229,29,32,0,0,0,0,0,0,0,0,BENIGN
8080,591387,56,20,23688,8680,1327,10,423.0,139.102,296,38,434.0,268.458,54732.35,128.511,7781.408,0,44231,3042,591387,0,0,0,0,0,0,0,0,0,0,0,1120,400,94.693,33.819,9,1104,804.456,114.033,230558.362,0,0,0,1,0,0,0,0,0.36,853.894,835.412,776.973,1120,56,23688,20,8680,65535,65535,55,20,0,0,0,0,0,0,0,0,BENIGN
443,105936675,22,44,14674,57288,1281,0,667.0,290.814,719,37,1302.0,329.266,679.293,0.623,1605101.136,0,99743367,2969,105936675,0,0,0,0,0,0,0,0,0,0,0,440,880,0.208,0.415,52,1103,850.117,459.785,219929.034,0,0,0,0,1,0,0,0,2.0,628.332,199.06,581.778,440,22,14674,44,57288,65535,235,21,20,0,0,0,0,0,0,0,0,BENIGN
993,63563509,57,44,52269,28864,114,14,917.0,374.684,620,19,656.0,79.704,1276.408,1.589,629341.673,0,32647083,3918,63563509,0,0,0,0,0,0,0,0,0,0,0,1140,880,0.897,0.692,36,1058,837.347,170.261,35779.588,0,0,0,1,0,0,0,0,0.77,84.248,794.017,378.44,1140,57,52269,44,28864,29200,235,56,20,0,0,0,0,0,0,0,0,BENIGN
